Price,Close,High,Low,Open,Volume,RSI,EMA50,MACD,Signal_Line,Upper_BB,Lower_BB,%K,%D,Signal,Buy_Signal,Sell_Signal,Position,Daily_Return,Strategy_Return,Cumulative_Return
Ticker,AAPL,AAPL,AAPL,AAPL,AAPL,,,,,,,,,,,,,,,
Date,,,,,,,,,,,,,,,,,,,,
2023-01-03,123.63252258300781,129.39551044224086,122.74286511723291,128.7826411649236,112117500,,123.63252258300781,0.0,0.0,,,,,Hold,False,False,,,,
2023-01-04,124.90769958496094,127.18126787275598,123.64241229292817,125.4316068972832,89113600,,123.68252952426089,0.10172352152332564,0.02034470430466513,,,,,Hold,False,False,,0.01031425206985448,,
2023-01-05,123.58309936523438,126.30149268134268,123.32609306355886,125.66884902202133,80962700,,123.67863030233828,0.07459608044206334,0.031194979532144774,,,,,Hold,False,False,,-0.010604632253479185,,
2023-01-06,128.13021850585938,128.79251610668766,123.45458659001618,124.56171667837158,87754700,,123.85320238875087,0.4152254403235105,0.10800107169041792,,,,,Hold,False,False,,0.03679402089752215,,
2023-01-09,128.65414428710938,131.87668586554148,128.3971379685157,128.97047367930062,70790800,,124.04147462005906,0.719163030298148,0.23023346341196393,,,,,Hold,False,False,,0.004089010284689776,,
2023-01-10,129.2274627685547,129.7513700565325,126.64745995571087,128.76286346285156,63896200,,124.24484670431379,0.9948299892790686,0.3831527685853849,,,,,Hold,False,False,,0.004456276823588956,,
2023-01-11,131.9557647705078,131.9755240444425,128.9605906771462,129.74150433319187,69458900,,124.5472356480861,1.4171136069922596,0.5899449362667599,,,,,Hold,False,False,,0.021112400905367146,,
2023-01-12,131.87667846679688,132.71690008626126,129.92931912019301,132.34127780837738,71379600,,124.83466477823163,1.7255042734858392,0.8170568037105759,,,,,Hold,False,False,,-0.0005993395123622403,,
2023-01-13,133.21115112304688,133.36931580754018,130.14678954891528,130.51253218381837,57809700,,125.16315443881261,2.053910685357039,1.0644275800398684,,,,,Hold,False,False,,0.010119095140737722,,
2023-01-17,134.37757873535156,135.7120534872366,132.58838434758803,133.28033589487055,63646600,,125.5245044112259,2.3808511231567167,1.327712288663238,,,,,Hold,False,False,,0.008756231009724225,,
2023-01-18,133.656005859375,137.016922815115,133.47806679892827,135.2475023487297,69672800,,125.84338682095724,2.5523074632562555,1.5726313235818417,,,,,Hold,False,False,,-0.005369741609927758,,
2023-01-19,133.7152862548828,134.6840184578663,132.23252641864943,132.5389610381249,58280400,,126.15208875954255,2.6622821491496182,1.790561488695397,,,,,Hold,False,False,,0.00044352960517302087,,
2023-01-20,136.28541564941406,136.43370070636414,132.67737218152695,133.72518688361293,80223600,,126.54947412777281,2.9231298217164294,2.0170751552996036,,,,,Hold,False,False,,0.01922090934040388,,
2023-01-23,139.48818969726562,141.67279627654958,136.3150763566329,136.5325490508029,81760300,89.42982319669662,127.05687473834115,3.3496775824254144,2.2835956407247657,,,88.45951123172065,,Hold,False,False,,0.023500490001736596,,
2023-01-24,140.891845703125,141.51460969317372,138.68748018952127,138.6973598255773,66435100,90.11959545113072,127.59942261931306,3.7576670184064085,2.5784099162610943,,,95.74337381294961,,Hold,False,False,,0.010062902163299636,,
2023-01-25,140.2295684814453,140.79300948686725,137.21461987031523,139.2707157250627,65799300,86.66055252201166,128.09472245704373,3.9816632138882255,2.859060575786521,,,92.1335851005517,92.11215671507398,Hold,False,False,,-0.00470060718116494,,
2023-01-26,142.30545043945312,142.59211078456946,140.26911369162724,141.52452159398862,54105100,93.24223359069822,128.65200590733428,4.277381150430017,3.1427246907152204,,,98.50210329088483,95.45968740146206,Hold,False,False,,0.014803453939762345,,
2023-01-27,144.25277709960938,145.53783884062292,141.43554202324185,141.51462437013356,70555800,92.31991143566188,129.26380085605095,4.615666205790831,3.437312993730343,,,93.19726857336916,94.61098565493523,Hold,False,False,,0.013684132646660574,,
2023-01-30,141.3564453125,143.87714018615392,141.208175354279,143.29392490593287,64015300,79.64940349157594,129.73802220728425,4.597057759528695,3.6692619468900136,,,77.8649567930972,89.85477621911707,Hold,False,False,,-0.020078170038344556,,
2023-01-31,142.63162231445312,142.68105066516867,140.64472931637368,141.05990031223737,65874500,80.2950408771217,130.24365358403597,4.631813891421842,3.86177233579638,147.33768701766468,121.09920568253064,82.46864318184713,84.51028951610449,Hold,False,False,,0.00902100359933411,,
2023-02-01,143.758544921875,144.92499085609353,139.69579622114404,142.31533335788683,77663600,78.75736587143139,130.77364932277476,4.696157235332777,4.028649315703659,148.0083110879913,122.44118384609075,88.60049543058835,82.97803180184422,Hold,False,False,,0.007900931007693401,,
2023-02-02,149.08657836914062,149.44242627870938,146.46702672863907,147.18863235095503,118339000,83.39100468949836,131.4918034030244,5.118079534927119,4.246535359548352,149.67414448750992,123.1932383249901,98.15581152075022,89.74165004439523,Hold,False,False,,0.037062377406234415,,
2023-02-03,152.7242889404297,155.57119313377925,146.13095089780094,146.32864922602454,154357300,84.75365863601158,132.32444989468735,5.6805074843425984,4.533329784507201,151.58289996286953,124.19860180715,87.80177022064423,91.5193590573276,Hold,False,False,,0.02439998698126966,,
2023-02-06,149.98611450195312,151.3403789118004,149.04703617157855,150.81647157748358,69858300,76.3255270273122,133.0170641930115,5.837991164896835,4.794262060585128,152.8828210500316,125.08427031959732,76.06941861762195,87.34233345300545,Hold,False,False,,-0.01792887338008553,,
2023-02-07,152.87257385253906,153.44590961879757,148.90866692988584,148.90866692988584,83322600,80.20510296640921,133.79571163064003,6.125104866632569,5.060430621794616,154.51804925070988,125.870885075462,88.4371317600129,84.1027735327597,Hold,False,False,,0.019244843832182612,,
2023-02-08,150.17393493652344,152.80336635897712,149.43255491704016,152.11141469080906,64120100,73.88808521306366,134.43799489753744,6.064973695300267,5.261339236495746,155.2486359024722,127.23494564049655,76.42482568326007,80.31045868696498,Hold,False,False,,-0.01765286504967678,,
2023-02-09,149.135986328125,152.55622581029445,148.69116137357645,152.0125441621068,56007100,69.51947114615749,135.0143867183448,5.865946550192746,5.382260699235147,155.81395856640353,128.38764513232695,66.58097330770391,77.14764358365896,Hold,False,False,,-0.006911642881550439,,
2023-02-10,149.50230407714844,149.8290111554016,147.73018216274517,147.9677914305051,57450700,66.64532796585537,135.58254034025867,5.672387136709318,5.4402859867299815,156.1846113672027,129.77955489256294,66.93887813631308,69.98155904242569,Hold,False,False,,0.002456266646585714,,
2023-02-13,152.31398010253906,152.71987521484465,149.41322512989285,149.44292440380676,62199000,68.13677673835986,136.23867523289712,5.680388679319435,5.488306525247872,156.9256757761562,130.94877338155862,82.2558764945352,71.92524264618406,Hold,False,False,,0.018806907644310922,,
2023-02-14,151.67042541503906,152.2347417014366,149.35379194828116,150.60120648274088,61707600,68.1773133413627,136.84384190670661,5.570586224192681,5.504762465036834,157.4075280938727,132.1962057318109,75.42884917960339,74.87453460348388,Hold,False,False,,-0.004225184628927403,,
2023-02-15,153.77919006347656,153.94749097395436,151.35365383790918,151.58135329250317,65573800,68.21052968081206,137.5079732069721,5.589296737297019,5.521669319488871,157.8684248316882,133.74762741440557,88.71207390804553,82.1322665273947,Hold,False,False,,0.013903598164684894,,
2023-02-16,152.1753387451172,154.76917536637725,151.81893244470842,151.97732349543472,68167900,62.712890283550095,138.08316401238957,5.412317726586025,5.499799000908302,157.66790424109317,135.794153254024,78.60932607008205,80.91674971924364,Hold,False,False,,-0.010429573193208697,,
2023-02-17,151.02694702148438,151.47245120963535,149.34392280711089,150.8289468385779,59144100,66.43993317838465,138.59076334607957,5.1203705268321755,5.423913306093077,157.37983000410566,137.55638062821856,71.37554331836509,79.56564776549754,Hold,False,False,,-0.007546503481462796,,
2023-02-21,146.99755859375,149.7894107206676,146.92826533516197,148.70038717333577,58867200,56.78660544017609,138.92044159108627,4.511852469806001,5.241501138835662,157.02448863051913,138.6626588914535,45.99420356409797,65.32635765084837,Hold,False,False,,-0.02667993035150984,,
2023-02-22,147.4232940673828,148.45290411559392,145.69076597475495,147.38368496565576,51011300,55.823598360286056,139.25388678623517,4.017637990319628,4.9967285091324545,156.75521045436295,139.58508190403546,17.53495132085918,44.968232734440754,Hold,False,False,,0.002896207785391791,,
2023-02-23,147.9083709716797,148.83898834448985,145.7699480861059,148.591484366889,48394200,47.78712874975855,139.59327832291928,3.6233434589814237,4.722051499102249,156.28860717945528,140.81956542796658,22.444424327335724,28.657859737430957,Hold,False,False,,0.0032903681020393094,,
2023-02-24,145.24522399902344,145.72042735104125,144.26510292319716,145.64122427463124,55469600,35.419291889029694,139.81492325139396,3.060686806023284,4.389778560486456,156.03706225066927,141.36508771270965,9.330867443347005,16.436747697180635,Hold,False,False,,-0.018005383705876676,,
2023-02-27,146.4431610107422,147.6806809778149,145.97785229460726,146.23526611588312,44998500,42.65157427609504,140.0748541439174,2.6805412491587504,4.047931098220915,155.929143720799,141.69204463369317,20.735368109148546,17.50355329327709,Hold,False,False,,0.00824768607693982,,
2023-02-28,145.9382781982422,147.5916032868755,145.36406704246494,145.58187179487862,50547000,34.04097514380632,140.30479234212623,2.3118833805422696,3.7007215546851864,155.40301009798998,142.67636154507642,15.928824597276616,15.331686716590722,Hold,False,False,,-0.0034476366736099218,,
2023-03-01,143.85922241210938,145.76005131760687,143.56221459109048,145.3640509605452,55479000,35.04028745250997,140.44418175663537,1.8308520147205627,3.326747646692262,155.2232442897531,142.9788873630789,2.650208446110086,13.104800384178416,Hold,False,False,,-0.014246130705397486,,
2023-03-02,144.4532470703125,145.24526294031543,142.4633051197938,142.9385237056633,52238100,38.66812594712915,140.60140000423056,1.4804977605035674,2.9574976694545234,155.13704005888326,143.1345618087925,16.170672294153086,11.583235112513263,Hold,False,False,,0.004129208042717103,,
2023-03-03,149.52210998535156,149.6013130753249,145.85905393614254,146.56195681168307,70732300,50.03904280752077,140.9512317681961,1.5934856541485942,2.6846952663933377,155.1612249122306,143.15393011706627,57.361281438161896,25.394054059475025,Hold,False,False,,0.03508998944531716,,
2023-03-06,152.2941436767578,154.7394840935164,151.92784263752011,152.2545345821982,87558000,49.960835823773266,141.39605184304168,1.8849804447331167,2.5247523020612936,155.08878445771168,143.183356045218,79.88739000147837,51.13978124459779,Hold,False,False,,0.018539289551744664,,
2023-03-07,150.08641052246094,152.49214181283335,149.62110185942342,152.16543476603405,56182000,47.054517390292766,141.73685022262674,1.9157628302359342,2.402954407696222,155.09698259745846,143.18518750752202,61.94690216877251,66.39852453613759,Hold,False,False,,-0.014496507226060884,,
2023-03-08,151.34371948242188,151.93773504020743,150.31410963622918,151.28432094793195,47204800,45.32313558045674,142.1135901935991,2.0183461794417497,2.3260327620453274,154.8558538047714,143.27343086319735,72.16405004021225,71.33278073682105,Hold,False,False,,0.008377233858709587,,
2023-03-09,149.0865020751953,152.99706215582498,148.73009571987657,152.02685072996366,53833600,44.213666985287055,142.38703771836757,1.8956537261981339,2.239956954875889,154.77800200046522,143.2425393813707,53.95161613054509,62.687522779843285,Hold,False,False,,-0.014914509931076014,,
2023-03-10,147.01739501953125,149.43303678907228,146.13628126980004,148.71032924538082,68572400,42.73934706346557,142.5686203576289,1.6128672956984644,2.114539023040404,154.73977316639872,143.06890908457785,37.096965672181575,54.40421061431297,Hold,False,False,,-0.013878567320738777,,
2023-03-13,148.96771240234375,151.61105337476013,146.2253637849075,146.33426615185107,84457100,53.85813849807626,142.81956514369617,1.5285115952669628,1.9973335374857157,154.7064046019501,143.048818481546,52.983972427192164,48.01085140997295,Hold,False,False,,0.01326589538981704,,
2023-03-14,151.06651306152344,151.86842347309556,148.60138329357108,149.7695947310606,73695900,56.69573849933256,143.1429748659639,1.6124277048319584,1.9203523709549644,154.514458595025,143.11601778436952,70.080502737415,53.38714694559625,Hold,False,False,,0.014088963476267091,,
2023-03-15,151.4625244140625,151.71992308668965,148.42316862217967,149.6804929323757,77167900,56.55350308901623,143.46923171098737,1.691389349225517,1.874559766609075,154.4828553373336,143.12683094196325,73.30635463633837,65.45694326698185,Hold,False,False,,0.0026214370379873397,,
2023-03-16,154.29400634765625,154.8979167381579,150.12603215969472,150.64084473187137,76161100,66.5821092926429,143.89373267713125,1.9598519958122722,1.8916182124497145,154.60735578177707,143.05381212593778,95.14331119429765,79.51005618935035,Hold,False,False,,0.01869427400967627,,
2023-03-17,153.45248413085938,155.17511745555205,152.7396713831552,154.52170325241562,98944600,63.01476050515164,144.26858567531667,2.0807215050937486,1.9294388709785215,154.85228809997702,142.93659434631203,86.44856233562446,84.96607605542016,Hold,False,False,,-0.0054540175390919154,,
2023-03-20,155.82850646972656,156.24432646768744,152.6109545912959,153.5217825705538,73641400,67.170833589417,144.72191590254843,2.341248156148737,2.0118007280125645,155.7992202927216,142.46981809839167,96.9826619706642,92.85817850019544,Hold,False,False,,0.015483765885738299,,
2023-03-21,157.68972778320312,157.80852485445894,154.9770788401289,155.74930512262205,73938300,74.19471600445885,145.23045754492705,2.667157082624186,2.142871998934889,157.2626915871718,142.07556372288678,99.22583662332676,94.21902030987182,Hold,False,False,,0.011944036143593184,,
2023-03-22,156.25421142578125,160.52117754091816,156.2344068779623,157.70953600837723,75701800,70.05387195608927,145.66276161868603,2.7775897562493697,2.269815550397785,158.1672604632918,142.05408658260663,70.89803475843628,89.03551111747576,Hold,False,False,,-0.009103423397340604,,
2023-03-23,157.3432159423828,159.93706781022715,156.10569609721924,157.24422341863578,67622100,65.36967780781696,146.12081865098787,2.9193297923940236,2.3997183987970327,159.18259368512983,141.9822378578389,77.90765022813524,82.6771738699661,Hold,False,False,,0.006969441058033876,,
2023-03-24,158.6500244140625,158.73912220628418,156.27399264950182,157.2739031216865,59196500,63.25352688989052,146.6121600534614,3.1013577923291678,2.5400462775034596,160.18445345629635,142.32085812817633,86.99223761096877,78.59930753251344,Hold,False,False,,0.008305464356075154,,
2023-03-27,156.69970703125,159.16485192823146,156.2937969084943,158.34313696257095,52390300,63.93995202491771,147.00775013102174,3.0530483396057946,2.642646689923927,160.7123447660765,142.8186214204469,73.4341462208464,79.44467801998347,Hold,False,False,,-0.01229320568979142,,
2023-03-28,156.0760040283203,156.9076288835252,154.42267925169685,156.3928163743877,45992200,60.24878505624134,147.36336793091579,2.9306523939095257,2.7002478307210467,160.97452501737263,143.57021375215862,69.09832765688529,76.50823716290016,Hold,False,False,,-0.003980243580195775,,
2023-03-29,159.1648712158203,159.44207447801494,157.75905035570605,157.77883979840226,51305700,71.06796909289484,147.8261719813042,3.047765746068734,2.7697514137905843,161.305765341722,144.76953830818036,90.57131661198679,77.70126349657284,Hold,False,False,,0.01979078851185556,,
2023-03-30,160.73898315429688,160.8478855082498,159.65986944195512,159.9172681392784,49501700,79.28995971587445,148.3325567331863,3.2303590313589154,2.8618729373042506,161.7602995560433,145.9435777022575,99.25524231720532,86.30829552869248,Hold,False,False,,0.009889820074318711,,
2023-03-31,163.25360107421875,163.3526086978247,160.29346346957524,160.81817064051347,68749800,79.7771484620992,148.91769572695227,3.537199541578815,2.9969382581591635,163.2114167571588,145.8656096100287,99.33682962586474,96.38779618501894,Hold,False,False,,0.015644107425440312,,
2023-04-03,164.51097106933594,164.62976816550022,162.5804427244333,162.62994654998397,56976200,79.0420018273702,149.52919672077127,3.8375947039931475,3.1650695473259605,164.82016408887256,145.47854501757274,99.26698320738573,99.2863517168186,Hold,False,False,,0.007701943398758848,,
2023-04-04,163.9763641357422,165.17427510350078,163.46155155698554,164.936680918264,46278300,76.87083433539732,150.0957523056721,3.986567059284738,3.329369049717716,165.9681097265852,145.71959474118822,92.03952931759615,96.88111405028222,Hold,False,False,,-0.003249673441951928,,
2023-04-05,162.125,163.40212898364032,160.1845772758085,163.0952264685397,51511700,67.5543035085895,150.56748750937123,3.9101651609008456,3.445528271954342,166.64544517192903,146.12038734760225,75.72874861754504,89.01175371417564,Hold,False,False,,-0.01129043289561904,,
2023-04-06,163.0160369873047,163.3130448064106,160.38259082111486,160.80829044689202,45390100,71.39060045910354,151.05566592027057,3.8768257106027306,3.53178775968402,167.1457691048486,147.01301690589358,82.8211171234593,83.52979835286682,Hold,False,False,,0.005495987585533824,,
2023-04-10,160.4122772216797,160.4122772216797,158.48174921205518,159.80836691031573,47716900,60.1490316590921,151.42259185365916,3.598817376950649,3.545193683137346,166.71949563918756,148.77877859176945,55.708920355092125,71.4195953653655,Hold,False,False,,-0.015972414823381964,,
2023-04-11,159.194580078125,160.73900266239136,158.90746697083827,160.72910794044708,47644200,53.42966239619414,151.727375705599,3.2428541824159822,3.4847257829930736,166.2336760080542,150.28728499048094,44.38318638648895,60.971074621680124,Hold,False,False,,-0.007591047048549182,,
2023-04-12,158.50155639648438,160.441979159197,158.18474404786926,159.61036940374873,50133100,55.30126986869384,151.9930298503396,2.8717260960552267,3.3621258456055045,165.8507356173076,151.41372971472364,37.937411348131754,46.00983936323761,Hold,False,False,,-0.004353312036757262,,
2023-04-13,163.90704345703125,164.14465273087802,159.80837789845614,160.01628790137767,68445600,62.86380722545686,152.46024607020988,2.979436949507857,3.285588066385975,166.0007299130811,152.508187323247,88.21354835192297,56.84471536218123,Hold,False,False,,0.034103684427081005,,
2023-04-14,163.560546875,164.65946521821587,162.18442526560762,162.94672669437054,49386500,60.00006214770023,152.89555198412322,3.0022313443926976,3.22891672198732,166.3004696037395,153.13510168532304,84.99080275389983,70.38058748465153,Hold,False,False,,-0.0021139822592315394,,
2023-04-17,163.58033752441406,163.73874370809605,162.39232135968928,163.4417358903036,41516200,65.20787480498142,153.31456318178166,2.987455479433578,3.180624473476572,166.31752830038906,154.1308283280289,85.17487449252215,86.12640853278167,Hold,False,False,,0.00012099891931272033,,
2023-04-18,164.8079376220703,165.7385549260402,163.99611738449903,164.44163659637942,49923000,68.79789347545017,153.7652837480675,3.0397620832879397,3.1524519954388457,166.72589611228216,154.6204036313702,88.33740496333957,86.16769406992051,Hold,False,False,,0.007504570024945867,,
2023-04-19,165.95639038085938,166.48109766330478,163.8872454167369,164.14465925023921,47720200,65.95345676330737,154.24336636111818,3.1377163424699575,3.1495048648450683,167.40462210792592,154.76834389549205,93.6754469883109,89.06257548139088,Hold,False,False,,0.006968431104469319,,
2023-04-20,164.9861297607422,166.1939502652675,163.9070161464107,164.43172332058813,52456400,60.26795299054808,154.6646512003191,3.1013039736434393,3.1398646866047426,167.6387837193853,155.40737411752878,81.98042210036495,87.99775801733847,Hold,False,False,,-0.005846479414805872,,
2023-04-21,163.3724365234375,164.78815208279067,162.8477292777316,163.40213579346278,58337300,50.300383231611356,155.0061329776963,2.9087056033688157,3.0936328699575575,167.66072577423012,155.98835412078944,62.52978978519481,79.39521962462355,Hold,False,False,,-0.009780781206546352,,
2023-04-24,163.67935180664062,163.94666036414364,162.25372630855222,163.3526447044582,41949600,47.791792100027955,155.34625920628235,2.7491450725730715,3.0247353104806605,167.76788659528637,156.38412603899098,66.22918951463865,70.24646713339948,Hold,False,False,,0.0018786234063363771,,
2023-04-25,162.13491821289062,164.64955210777222,162.09530911482935,163.5407390651718,48714100,45.35926197956523,155.61248112811012,2.469601292276394,2.913708506839807,167.44699139516175,157.24854235727966,47.61337749239609,58.79078559740986,Hold,False,False,,-0.00943572647803792,,
2023-04-26,162.125,163.6298284131595,161.1745931859106,161.43199188421733,45498800,50.0,155.86787402504697,2.2216507090523976,2.7752969472823255,166.81510825857777,158.4853250910316,47.49382843084004,53.778798479291595,Hold,False,False,,-6.117259008697751e-05,,
2023-04-27,166.72857666015625,166.8770729984066,163.54072434320634,163.54072434320634,64902300,58.54986333853179,156.29378393230616,2.369306359370256,2.6940988296999118,167.2341607619897,158.82264313205326,98.2916392247079,64.46628171598134,Hold,False,False,,0.02839522997783339,,
2023-04-28,167.9858856201172,168.15420161173702,166.20386913874557,166.80777942388167,55209200,68.59498373317308,156.752297723985,2.5582884940677673,2.666936762573483,167.99576173830602,158.78573240231898,98.3116835540796,81.36571706987584,Hold,False,False,,0.007541052560676054,,
2023-05-01,167.8968048095703,168.74821914844807,166.95629265889536,167.5899022757501,52472900,72.61958683317297,157.18933721753737,2.670090973755066,2.6675676048098,168.6478354465214,158.59797906763873,91.94001660655113,96.18111312844621,Hold,False,False,,-0.0005302874715815697,,
2023-05-02,166.85728454589844,168.6492261368123,165.86726857821876,168.3918123170909,48425700,71.33464395442903,157.56847240688487,2.6443324285589824,2.6629205695596365,168.95829517997373,158.52215068184267,78.8482306377494,89.69997693279338,Hold,False,False,,-0.006191423743000413,,
2023-05-03,165.77818298339844,169.21353985292495,165.4910849784499,167.80771888799373,65136000,56.13241090708692,157.89042184125796,2.5079342137636615,2.6319232984004417,169.12717513717885,158.53345260940316,57.266082089801984,76.01810977803417,Hold,False,False,,-0.006467212776695819,,
2023-05-04,164.13473510742188,165.3722550253471,162.66951575440282,163.24372680909343,81235400,51.73438272014631,158.1352968713036,2.2413878136180188,2.5538162014439574,169.16735507145142,158.69424618587277,36.82250976558187,57.64560749771109,Hold,False,False,,-0.009913535342229829,,
2023-05-05,171.8370819091797,172.55978934902075,169.0551242996228,169.27292902501793,113316400,67.03429057840167,158.67262177474973,2.6214445063664584,2.567341862428458,170.66360329716298,158.08010245234874,93.65221793733562,62.58026993090649,Hold,False,False,,0.0469269761620954,,
2023-05-08,171.7677764892578,172.11428813282294,170.3916548495959,170.7579559365768,55962800,65.07936402983871,159.18615725375003,2.8838070725275315,2.6306349044482724,171.7545984273002,158.1246572489693,93.04348516779024,74.50607095690258,Hold,False,False,,-0.00040332051238223254,,
2023-05-09,170.05503845214844,171.80735575023974,169.8867375588741,171.32225761857964,45326900,58.668279355793516,159.61238788898135,2.9198692160179007,2.688481766762198,172.09798444064452,158.86731707302735,77.99993200830302,88.23187837114297,Hold,False,False,,-0.009971241824956012,,
2023-05-10,171.82717895507812,172.29248769554175,170.1837487273319,171.29257694818676,53724500,63.99358024783838,160.09139930333808,3.0562155028493123,2.762028513979621,172.48199113661113,159.81587263292013,93.56523696696244,88.2028847143519,Hold,False,False,,0.01042098204828168,,
2023-05-11,172.01527404785156,172.84688383352895,170.4510470092042,172.11428168700377,49514700,68.77414231194767,160.55900223449547,3.1432155867948666,2.8382659285426706,173.30730805061546,159.8013787779978,92.87535059926672,88.14683985817742,Hold,False,False,,0.0010946760222525498,,
2023-05-12,171.08338928222656,172.5605438773201,169.52690691086858,172.12433187191172,45497800,65.65805786657425,160.97172329519083,3.10121953921751,2.8908566506776388,173.81803043240512,160.04294063693084,84.89161549740697,90.44406768787871,Hold,False,False,,-0.005417453599880662,,
2023-05-15,170.58770751953125,171.71788636637334,169.99287017810195,171.6683140666972,37266700,68.70570596935295,161.3488207157532,2.9934335546132047,2.911372031464752,174.163760766714,160.39794730213367,80.6449617971202,86.13730929793128,Hold,False,False,,-0.002897310865624836,,
2023-05-16,170.58770751953125,171.64848212135837,170.32002920315387,170.5083948655179,42110300,68.73587914166802,161.71113000217585,2.8748726429760723,2.904072153767016,174.5007512043139,160.63893385427983,77.801959244932,81.11284551315306,Hold,False,False,,0.0,,
2023-05-17,171.2023162841797,171.44023905579192,168.9518675962068,170.23076300297444,57951600,62.02924690171738,162.08333338578385,2.7982495778422845,2.8829076385820698,174.90162480826734,160.76265284065846,83.84093474301785,80.76261859502335,Hold,False,False,,0.0036028901119857792,,
2023-05-18,173.5419921875,173.73035780662187,171.09326939359272,171.50964938607018,65496700,64.11782632194809,162.5326925544786,2.892969190576764,2.884919948981009,175.63323044498097,160.8866334466206,98.29700471055838,86.64663289950273,Hold,False,False,,0.013666146312160121,,
2023-05-19,173.6510467529297,174.87044639396197,173.43294078431077,174.87044639396197,55772400,64.60645347206837,162.96870644461393,2.9429109130032884,2.896518141785465,176.1456477448373,161.40207716971346,90.00568336091825,90.71454093816483,Hold,False,False,,0.0006284044804087952,,
2023-05-22,172.6993408203125,173.20495707678998,171.95580173946098,172.48123481307542,43570900,64.89576678776825,163.35029994954328,2.872582035231204,2.891730920474613,176.38495038972624,162.06477342619175,82.20541008068612,90.16936605072094,Hold,False,False,,-0.005480565481250865,,
2023-05-23,170.08206176757812,171.88639029719062,169.80447509030535,171.6385439691014,50747300,60.17563366145893,163.61429060907406,2.575959291627754,2.828576594705241,175.9605279093324,163.28391026205432,60.753939450664205,77.65501096408953,Hold,False,False,,-0.015155118950092361,,
2023-05-24,170.35963439941406,170.93463964845503,169.05101376120967,169.61609547644804,45143500,65.73367508999652,163.87881389496974,2.336349439872606,2.7301311637387142,175.30097395720395,164.76692765412417,23.785554798074344,55.581634776474885,Hold,False,False,,0.0016319923979710715,,
2023-05-25,171.499755859375,172.4019050243478,170.21095188854838,170.92475054539574,56058300,48.72416973211431,164.1776743641621,2.212945718752252,2.626694074741422,175.3375012674771,165.20751826377287,43.048987776163074,42.52949400830054,Hold,False,False,,0.006692438992254912,,
2023-05-26,173.91871643066406,174.2557989304357,171.61871039409903,171.82690796374212,54835000,56.90753495811299,164.55967601382883,2.2840086526923926,2.558156990331616,175.76354927705867,165.37475333524603,83.91961996587958,50.25138751337233,Hold,False,False,,0.014104746442161309,,
2023-05-30,175.77261352539062,177.44805707235744,175.04890650518007,175.4355461600694,55964400,68.19646178425917,164.9993990534979,2.4615453788323407,2.5388346680317615,176.48793898325872,165.437944500628,80.28005905859449,69.0828889335457,Hold,False,False,,0.010659560585393635,,
2023-05-31,175.72303771972656,177.80495282122013,175.2372534954211,175.80235035598085,99625300,63.92560473424419,165.41993390315395,2.5686345401273627,2.544794642450882,176.96677817500827,165.84568062626127,76.4837336524067,80.22780422562693,Hold,False,False,,-0.0002820451074245778,,
2023-06-01,178.53857421875,178.56831456742498,175.4057930547119,176.16916396782793,68901800,69.63010036577627,165.93439038611848,2.8478653183845495,2.605408777637616,177.8102590688041,166.2782388560006,99.69073454297632,85.48484241799251,Hold,False,False,,0.01602258039446225,,
2023-06-02,179.3911590576172,180.21401063542314,177.7157155545107,179.47047169338217,61945900,75.1198649097553,166.46210680460862,3.1021940313061407,2.704765828371321,178.19128489592254,167.4228554239017,92.69365009003468,89.62270609513924,Hold,False,False,,0.004775353688119877,,
2023-06-05,178.03297424316406,183.35670847100744,176.50623240767692,181.05670243794387,121946500,71.39597191831581,166.91586631200295,3.157756553025564,2.7953639733021696,178.95955957171662,167.27416998150602,63.042047641383235,85.14214409146474,Hold,False,False,,-0.007571079988489826,,
2023-06-06,177.66616821289062,178.56831734898336,175.90148844243106,178.41961560329207,64848400,69.92185755365529,167.33744677870445,3.1360417336896376,2.8634995253796633,179.55546255181162,167.2681061737743,60.49563957300176,72.07711243480657,Hold,False,False,,-0.0020603263627582136,,
2023-06-07,176.28814697265625,179.64894264257165,175.79245430672572,176.90280103766142,61944600,63.72399253900347,167.68845462944765,2.9733627109582983,2.8854721624953905,179.78194142209426,167.66493815554244,50.58917695545375,58.04228805661291,Hold,False,False,,-0.007756238872575594,,
2023-06-08,179.01443481445312,179.28209792974448,175.93122620309688,176.3674229889806,50214900,64.46543062085166,168.13261071513415,3.02950481202771,2.9142786924018544,180.50917653791905,167.6564286256552,69.64653765762,60.24378472869184,Hold,False,False,,0.015464952627925355,,
2023-06-09,179.40110778808594,180.66015634842165,179.0739487923587,179.93644924551378,48870700,64.97941719415572,168.57451256113225,3.0698122245852346,2.9453853988385306,181.21809300226525,167.68609553533238,72.3494680743301,64.19506089580129,Hold,False,False,,0.002160010023960268,,
2023-06-12,182.2067108154297,182.30585540353945,179.41101193334958,179.7084305703386,54274900,72.58593402801189,169.1091085711047,3.2902172796296725,3.014351774996759,182.40738547145514,167.60913521946281,91.9612596318714,77.98575512127383,Hold,False,False,,0.015638716292977417,,
2023-06-13,181.73081970214844,182.56357964467625,180.86831941362593,181.22521869290037,54929100,80.80750279458113,169.60407763506723,3.387441125347152,3.0889696450668382,183.23616105742084,167.89467085175883,88.6346744996211,84.31513406860752,Hold,False,False,,-0.0026118199003291043,,
2023-06-14,182.3653106689453,182.8015225920405,180.45194442949565,181.7903054182597,57462900,81.16312155615195,170.1045181461997,3.4756250003933644,3.166300716132144,184.0218438423456,168.28674838177548,92.45841959842016,91.01811790997088,Hold,False,False,,0.0034913778952672114,,
2023-06-15,184.40757751464844,184.91319370821412,182.19679249165128,182.37524971506843,65433200,82.00585840990557,170.6654224351585,3.668022542603694,3.2666450814264545,185.13564922244313,168.4934691247248,96.19679695991749,92.42996368598625,Hold,False,False,,0.01119876822084076,,
2023-06-16,183.32696533203125,185.37914013584773,182.68257094685526,185.12137027990616,101235600,74.98680914144734,171.16195352915352,3.690757849794977,3.351467635100159,185.95867585471262,168.64893980690846,80.1342846910632,89.59650041646694,Hold,False,False,,-0.005859912033882364,,
2023-06-20,183.41619873046875,184.4968202621219,182.82137659501507,182.82137659501507,49799100,72.39974601130429,171.6425121644992,3.673628827671564,3.4158998736144404,186.6779829315724,168.90614792780264,80.64520463525501,85.65876209541189,Hold,False,False,,0.0004867445346945498,,
2023-06-21,182.37527465820312,183.8127805401231,181.0170663004923,183.3071642774052,49515700,68.42406871947185,172.06340481131113,3.5353072595289348,3.4397813507973396,187.04718555161423,169.50453869154984,69.88106948241787,76.88685293624536,Hold,False,False,,-0.005675202514665911,,
2023-06-22,185.38906860351562,185.43864089866383,182.08775342754114,182.15715766621673,51245300,68.76706556689034,172.58597986198583,3.627063869760889,3.4772378545900495,187.46662095501802,170.6158039717398,99.48609437858438,83.33745616541908,Hold,False,False,,0.01652523320916588,,
2023-06-23,185.07180786132812,185.94423180057566,183.41619616013958,183.95155271461957,53079300,66.0324933098716,173.07562017568554,3.6323103414232207,3.508252351956684,187.55488130549867,171.99876096745055,91.40619522269806,86.9244530279001,Hold,False,False,,-0.0017113238907630057,,
2023-06-26,183.6739501953125,186.42999999051133,183.63428631385352,185.2205087707664,48088700,65.88495229190497,173.49124096076895,3.4835169616312385,3.5033052738915953,187.2929456317612,173.47811607478178,74.09130003173787,88.32786321100677,Hold,False,False,,-0.007553055660768249,,
2023-06-27,186.43992614746094,186.767085127622,184.07051577054278,184.28862175731683,50730800,71.76582724580977,173.99903253671766,3.547890407132172,3.512222300539711,187.71792422744159,174.30525845078108,97.01895229552375,87.50548251665323,Hold,False,False,,0.015059162985318286,,
2023-06-28,187.6196746826172,188.26406909954764,185.9838949305078,186.31103877905792,51216800,78.3903990971628,174.53317536596865,3.652004637527085,3.540178767937186,188.45319349730065,174.75469529664466,94.77497262925564,88.62840831883909,Hold,False,False,,0.006327767659718653,,
2023-06-29,187.95672607421875,188.43260188630063,187.3123317121149,187.4511250421375,46347300,75.45140433042415,175.05958911923335,3.718844619787319,3.575911938307213,189.0385411121144,175.39271651728012,94.91512499389549,95.56968330622495,Hold,False,False,,0.0017964608038667507,,
2023-06-30,192.2990264892578,192.80462759541973,189.6123654098311,189.97918829297507,85069600,79.96309193977875,175.73564548668529,4.075226466691873,3.6757748439841453,190.84831933707133,174.95898351937396,96.22505887193891,95.30505216503002,Hold,False,False,,0.023102660414102028,,
2023-07-03,190.80203247070312,192.20979786240994,190.1080506189076,192.11065327577057,31458200,71.26039141859235,176.3264841919409,4.188583359889748,3.778336547165266,191.976154287331,174.97223591042288,83.78817704771272,91.64278697118236,Hold,False,False,,-0.007784719693515019,,
2023-07-05,189.68177795410156,191.31755787833387,188.97788763602904,189.91971590542352,46920300,69.05903438185808,176.8502212022217,4.1402975642345154,3.8507287505791163,192.5850792321998,175.52819133664786,74.71926059001648,84.91083216988937,Hold,False,False,,-0.005871292365680514,,
2023-07-06,190.1575927734375,190.36579032144616,187.57007679659148,188.2045627194373,45094300,68.82185697931817,177.37207891089682,4.093240672152717,3.899231134893837,193.06753649606776,176.2948765288346,77.54382984102627,78.68375582625181,Hold,False,False,,0.002508489874293973,,
2023-07-07,189.03736877441406,191.01023124936708,188.60117188700468,189.76109103858747,46778000,61.70436993798672,177.82954125848573,3.9203635212018355,3.9034576121554365,192.92026838559426,177.71706681948385,68.04038828093438,73.43449290399236,Hold,False,False,,-0.005891029554408234,,
2023-07-10,186.9851837158203,188.3533002828443,185.42870151973196,187.62957811566648,59922200,58.815146115702724,178.18858606073414,3.576534882350188,3.838073066194387,192.74096729804222,178.69344279717262,50.63063738125616,65.4049518344056,Hold,False,False,,-0.01085597557720297,,
2023-07-11,186.4597625732422,187.66925393721883,184.99251645839882,187.53046059023825,46638100,57.18302575637428,178.51294592396977,3.224481300567305,3.715354713068971,192.43616519282585,179.70411038090464,46.173217144517025,54.94808093556918,Hold,False,False,,-0.0028099613677234903,,
2023-07-12,188.13519287109375,190.04855924155865,186.84638895388292,188.0459566971953,60750200,63.19852365288221,178.89028894150402,3.04556217847977,3.581396206151131,192.52381671194695,180.20930706734993,56.42913548129959,51.07766333569092,Hold,False,False,,0.008985479090661386,,
2023-07-13,188.8985595703125,189.5429691298021,188.14511214362412,188.8589108119984,41342300,58.96655989870038,179.28277014263378,2.9315714670556474,3.4514312583320343,192.57272074630686,180.87717701980642,58.39488148756264,53.66574470445975,Hold,False,False,,0.004057543341940306,,
2023-07-14,189.04727172851562,189.53304086059518,187.99640569502964,188.59122781892412,41573900,60.24533498599277,179.6656917734527,2.8207173614141254,3.325288478948453,192.61426975581134,181.50382411625895,59.02708796174285,57.95036831020169,Hold,False,False,,0.0007872593551871976,,
2023-07-17,192.31884765625,192.64600663390738,190.15761974766676,190.24684079775338,50520200,70.3169803526116,180.16189396493493,2.9627013428371924,3.252771051726201,193.33218927696603,181.57703160926442,94.43813007080917,70.62003317337155,Hold,False,False,,0.01730559715472957,,
2023-07-18,192.06106567382812,192.65590289157154,190.76235338000512,191.68434955477355,48353800,64.97623800212212,180.6285281495974,3.0196155707921264,3.2061399555393866,193.77547674630722,182.00715417410294,90.48193364700188,81.31571722651796,Hold,False,False,,-0.0013403885555857142,,
2023-07-19,193.41928100585938,196.52230675519328,190.99037488225764,191.4365103758755,80507300,65.30616518511181,181.13012630082335,3.1381425784881856,3.1925404801291464,194.3737166834225,182.40922246452672,73.08688476149806,86.00231615976969,Hold,False,False,,0.007071789002451201,,
2023-07-20,191.46624755859375,194.777470825343,190.84166997972974,193.40935427253197,59581200,58.53428481951101,181.53546438936337,3.03944577016631,3.1619215381365793,194.25783669436478,183.4341997436235,56.14786508298219,73.2388944971607,Hold,False,False,,-0.010097408268240127,,
2023-07-21,190.2864990234375,193.29039530573385,189.58260879656223,192.42789492586837,71917800,44.21646225153366,181.8786422181506,2.8333706580478975,3.096211362118843,194.28283074844063,183.89894873153986,45.91568821950319,58.38347935466114,Hold,False,False,,-0.00616165277274372,,
2023-07-24,191.08950805664062,193.2309038397432,190.59381542873754,191.74382595603396,45377800,50.86045942321815,182.2398526431894,2.703684374472232,3.0177059645895215,194.29232283002872,184.49122666948298,52.88033382477823,51.64796237575453,Hold,False,False,,0.004220000038490435,,
2023-07-25,191.9520263671875,192.7649696142135,191.25805964859208,191.66453127210508,37283200,56.901694355457465,182.62072220099327,2.640071973372841,2.9421791663461856,194.0236366080364,185.58772050866278,60.361114379708845,53.05237880799675,Hold,False,False,,0.004513687430139912,,
2023-07-26,192.82443237304688,193.95461096026835,191.65460503159764,192.0015807949404,47471900,57.91646434705724,183.02086769793655,2.629740548780944,2.8796914428331375,194.23534109397116,186.01446664528663,67.92765274165913,60.38970031538207,Hold,False,False,,0.004544916885589556,,
2023-07-27,191.55548095703125,195.50119046422063,190.89125457942112,194.33136299756583,47460200,57.40954426635513,183.35555841397948,2.490450680956627,2.8018432904578354,194.3019188875205,186.34146947917876,56.92180282287595,61.7368566480813,Hold,False,False,,-0.006580864262888952,,
2023-07-28,194.14300537109375,194.93611671931453,192.46756161890426,192.99299467254062,48291400,70.41860546097963,183.7785955495526,2.559351442262141,2.7533449208186966,194.79466642741093,186.4673498689758,79.36387980307818,68.07111178920441,Hold,False,False,,0.013507963338532214,,
2023-07-31,194.7576446533203,194.7973085377491,193.57789369266726,194.37100498050742,38824100,73.55089723890512,184.20914649479838,2.6331981758584675,2.7293155718266506,195.25635577024548,186.2515223425475,81.76232851384917,72.68267037993444,Hold,False,False,,0.0031659100004746143,,
2023-08-01,193.92486572265625,195.0352123410956,193.59770678100793,194.54944325919743,35175100,67.25760880837028,184.59015509196928,2.594614839610472,2.702375425383415,195.6308233195819,186.1893381184064,69.53470355557728,76.8869706241682,Hold,False,False,,-0.004275975570286139,,
2023-08-02,190.9209747314453,193.49856732490423,190.19726772902345,193.35977399392826,50389300,55.31800669741195,184.8384225288115,2.295190837956511,2.6209385078980345,195.6572987688974,186.28678234682528,34.30216953936293,61.86640053626312,Hold,False,False,,-0.015489973294641746,,
2023-08-03,189.5231170654297,190.71277634396813,189.047256379482,189.91968024316816,61235200,51.1741190060067,185.02213604005144,1.922933349480445,2.4813374762145166,195.65727916514655,186.22335437977532,6.365986341629172,36.734286478856454,Hold,False,False,,-0.007321655821115991,,
2023-08-04,180.42221069335938,185.7657766923876,180.3528064633521,183.92179948550063,115799700,27.203622354460222,184.8417468107694,0.8833666225664558,2.1617433054849045,197.1425630220634,183.87655471475298,0.42922928201002897,13.699128387667372,Hold,False,False,,-0.04802003319166803,,
2023-08-07,177.3092803955078,181.5524085909385,175.82220233279125,180.56102321579414,97576100,24.52056043682066,184.54635597095523,-0.18950051342059737,1.691494541703804,198.80527946387633,181.2462479409088,7.183915754102283,4.659710459247157,Hold,False,False,,-0.01725358693859602,,
2023-08-08,178.25106811523438,178.71702038544473,176.05019168536276,178.1420151343907,67823000,23.418929210127757,184.29948193739756,-0.9527780182365859,1.162640029715726,199.75838436533255,179.4722735936518,12.342432274573994,6.651859103562098,Hold,False,False,,0.005311553448447803,,
2023-08-09,176.6549530029297,179.3713391045639,175.48511045638642,179.31185840559957,60378500,23.715597398511008,183.99969648898707,-1.6672550122422365,0.5966610213241335,200.720161709447,177.36247226272096,5.8445137413789,8.45695392335172,Hold,False,False,,-0.008954308825082857,,
2023-08-10,176.4368438720703,179.1928938087059,176.07003615011226,177.93383023619305,54686900,24.553634257922383,183.7031140334217,-2.2254293967625927,0.032242937706788266,201.38755421023697,175.44890819210676,4.754844181834733,7.647263399262538,Hold,False,False,,-0.001234661848715679,,
2023-08-11,176.4963836669922,177.32034635977644,175.2654156687126,176.0298173483885,51988100,22.43455052212586,183.42049715630682,-2.6326348779541604,-0.5007326254254014,201.80439721870655,173.77697637748483,6.08312758329791,5.5608285021705095,Hold,False,False,,0.0003374566990386185,,
2023-08-14,178.15428161621094,178.38260392804418,176.01991561712387,176.67511718788185,43675600,24.697276396988897,183.21397889983248,-2.789415006836606,-0.9584691017076423,201.55674565310724,172.60817133908026,14.276033295940909,8.371335020357845,Hold,False,False,,0.009393381976294801,,
2023-08-15,176.15887451171875,178.174103062697,175.76179096239193,177.57847773870674,43622600,20.647173975440452,182.9373081395143,-3.039638010657427,-1.3747028834975994,201.34543206047871,171.22926581549783,4.41524405185854,8.25813497703245,Hold,False,False,,-0.01120044428003586,,
2023-08-16,175.28529357910156,177.24094603057796,175.2157956243564,175.84121662599503,46964900,20.93879306444589,182.6372291371452,-3.2707292930545293,-1.7539081654089854,200.80981921983988,169.9514799134609,0.3506559034427928,6.347311083747409,Hold,False,False,,-0.0049590515098294485,,
2023-08-17,172.7340087890625,176.2184652373002,172.21778796969687,175.8511621348624,66062900,11.710472597550876,182.24886755486747,-3.6180317420803476,-2.126732880743258,200.5759918182745,168.31208343807313,2.2623974159533233,2.342765790418214,Hold,False,False,,-0.014555041885973896,,
2023-08-18,173.22044372558594,173.8260060676773,170.70885281849434,171.04637539663875,61114200,11.303727992016533,181.89481171842507,-3.8100997429097845,-2.4634062531765633,200.2192578297687,166.9622118967938,10.324565435934304,4.312539585110135,Hold,False,False,,0.0028160924413991317,,
2023-08-21,174.56057739257812,174.84847582356457,172.47586616641206,173.7961908502,46311900,15.830793421718667,181.60719468603892,-3.810255180461553,-2.732776038633561,199.46640797695707,166.0621686831992,16.901153250517655,9.829372034135089,Hold,False,False,,0.007736579113694075,,
2023-08-22,175.9405059814453,176.38722884254358,174.9676405054006,175.77174468493126,42084200,21.95920008774175,181.38497159958428,-3.6568754770900966,-2.9175959263248687,198.3433841754334,165.5840404461486,26.153135190147974,17.792951292199973,Hold,False,False,,0.007905155960637122,,
2023-08-23,179.80218505859375,180.2290643006026,177.032491470534,177.2211114741355,52722800,33.34072500825026,181.32290153915326,-3.186978227814649,-2.971472386622825,196.89013338203299,165.73506650810376,60.39302792694641,34.482438789204004,Hold,False,False,,0.02194877783036331,,
2023-08-24,175.09671020507812,179.7823699342417,174.7293919275994,179.3554906246773,54945800,39.25456988353463,181.0787371731111,-3.1578717874625966,-3.0087522667907796,195.51811841413172,165.46120440080966,40.46511567482583,42.33709293064007,Hold,False,False,,-0.026170287374328693,,
2023-08-25,177.31045532226562,177.84651968096887,174.54076169805765,176.08940889849805,51449600,50.00245994915253,180.93096141425443,-2.922485401343181,-2.9914988937012597,193.2772268987926,166.018840911266,69.34302369414755,56.73372243197326,Hold,False,False,,0.0126429852085439,,
2023-08-28,178.8789520263672,179.27603559399373,177.25088516267095,178.77967356057698,43820700,51.280986461371796,180.85049045786667,-2.57963894691855,-2.909126904344718,190.48002573487466,167.22817281248862,85.81846341572624,65.20886759489987,Hold,False,False,,0.008846047466579465,,
2023-08-29,182.7803497314453,183.55467328918405,178.19396940518234,178.39251118833664,53003900,61.42239122616126,180.92617121369327,-1.970406848637566,-2.721382893203288,187.74588030969247,168.84786663854973,93.97217515607109,83.04455408864828,Hold,False,False,,0.021810267003929296,,
2023-08-30,186.28466796875,186.48322490340712,183.39585240180426,183.59439418869403,60813900,66.35888165248818,181.13630834134256,-1.1910867202433337,-2.415323658611297,186.3680047234406,169.76211154853206,98.74126885312268,92.84396914164,Hold,False,False,,0.019172292002140878,,
2023-08-31,186.50306701660156,187.7439721096439,186.11590523348306,186.47328650618994,60794500,66.53550176500252,181.3467694658625,-0.549512487966382,-2.042161424482314,185.4102543050954,170.41785696199446,92.71560667211159,95.14301689376845,Hold,False,False,,0.0011723941118342296,,
2023-09-01,188.0814971923828,188.538141753245,186.91007498628073,188.11127770079705,45732600,66.44738172669321,181.61087643552997,0.08532229479692433,-1.6166646806264662,187.01565718361746,169.57838273337472,97.43879544196439,96.2985569890662,Hold,False,False,,0.008463293397961813,,
2023-09-05,188.31976318359375,188.59772472633045,186.24497340110617,186.91009674606673,45280000,71.39376668334553,181.87397003349326,0.6007346134140619,-1.1731848218183605,188.6292427158744,169.0658454799264,98.44617623644034,96.20019278350543,Hold,False,False,,0.0012668231312897849,,
2023-09-06,181.57916259765625,187.47594597496703,180.14963751857883,187.02920802693,81755800,59.17778933816674,181.86240895757808,0.4599899774021594,-0.8465498619742565,188.86590430717925,169.16199333686373,60.765764522022415,85.55024540014237,Hold,False,False,,-0.03579337862360232,,
2023-09-07,176.26808166503906,176.91336139268128,172.27732670257566,173.90539355501954,112488800,54.769536940440354,181.64302357355695,-0.07919805942455582,-0.6930795014643164,188.86755948036657,169.12165102988732,31.076464045279113,63.429468267913954,Hold,False,False,,-0.029249396553202023,,
2023-09-08,176.88357543945312,178.9285998393183,176.4964136407334,177.05235186894313,65551300,54.92655125610465,181.45637854869014,-0.45163706855859687,-0.6447910148831725,188.86752711688553,169.16635655010668,28.22387499479448,40.02203452069866,Hold,False,False,,0.0034918050312913174,,
2023-09-11,178.0549774169922,178.98814040153138,176.0496706936909,178.7598181226865,58953100,54.721050481095304,181.32299026901572,-0.6448419798592511,-0.6448012078783882,188.88597753737994,169.30376550461224,35.401408139721795,31.567249059931793,Hold,False,False,,0.0066224462877846335,,
2023-09-12,175.0172576904297,178.81939272059032,173.5480302988034,178.18404991763566,90370200,48.80613942593037,181.07570663848293,-1.031189942913386,-0.7220789548853878,188.89172923504762,168.98431141436643,16.78838337071178,26.80455550174268,Hold,False,False,,-0.017060571799958013,,
2023-09-13,172.9424591064453,176.00997270905043,172.71412167424248,175.22571224634177,84267900,40.6998427352238,180.7567557548736,-1.487643761773171,-0.8751919162629445,189.01971529763364,168.5346838112531,4.075466804801758,18.755086105078437,Hold,False,False,,-0.01185482284069539,,
2023-09-14,174.4613494873047,174.81873079113439,172.31706166432645,172.73400399416633,60895800,49.05713355376348,180.50987707771404,-1.7071460252355735,-1.0415827380574703,189.04407350362425,168.4279311960828,13.382166179710312,11.41533878507461,Hold,False,False,,0.008782634343857065,,
2023-09-15,173.7366485595703,175.2158130007049,172.55531954165141,175.1959542762702,109205100,44.45129899204983,180.24426027308095,-1.9174769777363565,-1.2167615859932477,188.98042499147823,168.59184368527957,8.941705066693627,8.799779350401892,Hold,False,False,,-0.004153933979440638,,
2023-09-18,176.6750946044922,178.0748391046168,174.88818834345716,175.1959303652364,67257600,46.71790508757434,180.10429299195982,-1.8260086437447853,-1.3386109975435554,188.8691992390149,169.04853452563356,26.94645005296716,16.42344043312369,Hold,False,False,,0.016913219342517438,,
2023-09-19,177.76710510253906,178.32302815377042,175.84121799808253,176.22837977645918,51826900,41.85223982311155,180.01263856492372,-1.6464242552320343,-1.400173649081251,188.83170305189094,169.40668348375357,33.637527663068475,23.17522759424308,Hold,False,False,,0.0061808966367979945,,
2023-09-20,174.21316528320312,178.39252544188162,174.12380859804207,177.95572439538154,58436200,30.412421673752803,179.78520824015035,-1.7704667369399374,-1.4742322666529883,188.89393423490887,169.17171823091147,11.861466722869103,24.148481479634906,Hold,False,False,,-0.01999211168616355,,
2023-09-21,172.66448974609375,175.01725608596104,172.59500693822505,173.27998896827123,63047900,28.474394278224963,179.50596437763832,-1.97101582685724,-1.5735889786938386,188.9286777312408,168.4232052033295,2.3722647140992494,15.957086366678936,Hold,False,False,,-0.008889543649538978,,
2023-09-22,173.5182342529297,175.79158086544706,172.7836281326413,173.39911221131908,56725400,26.824681928157872,179.2711514315713,-2.037574488476679,-1.6663860806504067,188.9891181334225,168.204917205933,7.603414748511944,7.279048728493425,Hold,False,False,,0.004944528594683195,,
2023-09-25,174.79884338378906,175.6823671360894,172.88287819083024,172.93251742028295,46172700,29.174306924247347,179.09576680224652,-1.964344512201393,-1.7259777669606042,188.98894425925926,167.95392988624855,16.590432565106685,8.855370675905952,Hold,False,False,,0.007380256814927488,,
2023-09-26,170.70883178710938,173.92524796713502,170.41101154694528,173.54802313417602,64588900,31.768240000655155,178.7668673898882,-2.2108536380775377,-1.822952941183991,189.13389571122983,166.9919664103522,3.4722603007748725,9.222035871464493,Hold,False,False,,-0.02339839050135839,,
2023-09-27,169.18997192382812,171.7809825966186,167.82002287860425,171.36404026565756,66921800,36.398348347203644,178.39130286180745,-2.499955265529138,-1.9583534060530206,188.89478113530103,165.8720432055193,12.266606636360113,10.776433167413883,Hold,False,False,,-0.008897371315711555,,
2023-09-28,169.44805908203125,170.77830558378838,166.4003891832915,168.10787564587397,56294400,35.51253494813227,178.0405874194633,-2.6773817215330666,-2.10215906914903,187.77118618344116,165.31197726870727,24.211392852470855,13.31675326320194,Hold,False,False,,0.0015254282228933658,,
2023-09-29,169.96429443359375,171.81076180692196,169.10061419351356,170.76839850543928,51814200,33.82298831918409,177.7238700474684,-2.7446984129040004,-2.230666937900024,186.27122793427745,165.1580582595702,28.69719168368486,21.725063724171935,Hold,False,False,,0.0030465698713761924,,
2023-10-02,172.48580932617188,173.03181060107437,169.6863201427267,169.97421860938772,52164500,44.83177996910925,177.51845590153522,-2.5650143088675463,-2.2975364120935287,183.81620591749126,166.0535114897353,50.74508837840555,34.55122430485375,Hold,False,False,,0.014835556497210689,,
2023-10-03,171.14561462402344,172.36667607241205,169.5771240058018,171.0066338674304,49594600,46.21811226128356,177.26854055731908,-2.501915351074558,-2.338412199889735,180.48547332539164,167.6668292258779,39.569475683140844,39.67058524841041,Hold,False,False,,-0.007769883837887903,,
2023-10-04,172.39645385742188,172.9424550881848,169.72602386786275,169.84514590084152,53020300,45.60433599406484,177.07747833379372,-2.324184942719768,-2.335566748455742,178.99606468686835,168.23796699037774,49.999971188080146,46.77151174987551,Hold,False,False,,0.007308625676131442,,
2023-10-05,173.63735961914062,174.17342391765436,171.42357417816774,172.5254984313363,48527900,49.7931831487651,176.94257171753281,-2.059461400279389,-2.2803456788204715,178.7182413069345,168.25271816572177,60.347633480775286,49.972360117332094,Hold,False,False,,0.007197977301464764,,
2023-10-06,176.1986083984375,176.69497045530053,171.91995474415313,172.53545399514545,57224100,48.99164369150051,176.91339668541144,-1.624271127935998,-2.1491307686435768,178.5986185313252,168.3038442372295,81.70536928420415,64.01765798435319,Hold,False,False,,0.014750562810415646,,
2023-10-09,177.68768310546875,177.74724412480685,174.52089096334598,175.52353680032698,42390800,49.83470239762505,176.94376085874703,-1.1460132897506696,-1.9485072728649953,178.51328053485634,168.352452802546,94.12246224347243,78.72515500281729,Hold,False,False,,0.008451115026198108,,
2023-10-10,177.092041015625,178.41236580749592,176.6552400140717,176.80415770883764,43698000,56.83310661341284,176.9495757668599,-0.8057654830716388,-1.7199589149063241,178.83336551360813,168.23984615631375,89.00826372563503,88.27869841777054,Hold,False,False,,-0.003352185584468481,,
2023-10-11,178.49180603027344,178.54144526755815,176.3078159196626,176.90344132377368,47551100,63.92979568849992,177.01005538503298,-0.418344887119531,-1.4596361093489656,179.54351029449762,168.08463606780705,99.59114563889516,94.24062386933421,Hold,False,False,,0.007904166706875992,,
2023-10-12,179.39517211914062,181.01330204161414,177.73730960362397,178.75982932462722,56743100,64.01516392040762,177.10358937460583,-0.03797937736572976,-1.1753047629523186,180.30893379998193,167.81259482550635,88.92671202407175,92.50870712953399,Hold,False,False,,0.005061106775478441,,
2023-10-13,177.5487060546875,180.60628286156256,176.84386529966793,180.09999903884182,51427100,56.38546276578783,177.12104493068745,0.11316416362305404,-0.9176109776372441,180.6876508762097,167.8150834987903,76.29085986813769,88.26957251036818,Hold,False,False,,-0.010292729969493486,,
2023-10-16,177.4196319580078,177.77701319881453,175.22570528432323,175.46396449411634,52517000,69.09594103951974,177.13275422587648,0.21999533858146947,-0.6900897143935014,180.79216444216505,167.78502366818654,75.4075719300578,80.20838127408906,Hold,False,False,,-0.0007269785263314121,,
2023-10-17,175.86106872558594,177.12183257732815,173.5281761730158,175.36470667426025,57549400,68.94016651171899,177.08288420625726,0.1768580771895074,-0.5167001560768997,180.5361128059407,167.85047166671555,64.74191445620096,72.14678208479882,Hold,False,False,,-0.008784615407108731,,
2023-10-18,174.56057739257812,176.2879225352004,173.83589314356078,174.30247461631913,54764400,63.703998795878505,176.98397021356396,0.03730270250071044,-0.40589958436137763,180.55561507315036,167.8657106104434,45.83317609497446,61.99422082707773,Hold,False,False,,-0.007394992777151277,,
2023-10-19,174.18338012695312,176.54605322348112,173.91534037415258,174.75914678442408,59302900,61.39410032999384,176.87414315134393,-0.1025504664079051,-0.3452297607706832,180.58986017341624,167.98335454826343,40.277932948637655,50.28434116660435,Hold,False,False,,-0.0021608387830701625,,
2023-10-20,171.6221466064453,174.14365914589465,171.38388737014972,174.03445888939677,64189300,47.67257777605988,176.6681825025244,-0.41526829591916226,-0.359237467800379,180.59988057105525,167.783725385976,17.88204585692465,34.66438496684558,Hold,False,False,,-0.014704235953172273,,
2023-10-23,171.74127197265625,172.7439178760632,168.69360166729962,169.66648220683237,55980100,51.718276133757655,176.47497032488252,-0.6460398619533692,-0.41659794663097705,180.53135878332196,167.54649003259598,24.738185286638576,27.632721364066953,Hold,False,False,,0.0006941141837837339,,
2023-10-24,172.1780548095703,172.40637709061713,170.2025285754243,171.79089305137515,43816600,49.33894336241496,176.30646383408595,-0.7846384425174904,-0.49020604580827976,180.4781820329465,167.74658908521758,28.283586746439624,23.63460596333428,Hold,False,False,,0.0025432607543725005,,
2023-10-25,169.85508728027344,171.80081789275204,169.40834934938033,170.62941081043056,57157000,39.25551734331802,176.05346867511292,-1.0695932764359384,-0.6060834919338115,180.4092924609517,167.8819901928569,9.427872250817188,20.81654809463179,Hold,False,False,,-0.013491658573248966,,
2023-10-26,165.6757049560547,170.13304109397222,164.46458048468762,169.13038017633548,70625300,22.623884021610976,175.64649754887535,-1.6140574111936417,-0.8076782757857776,180.99555377008397,166.91849347112696,7.318537974071787,15.009998990442861,Hold,False,False,,-0.0246055763836055,,
2023-10-27,166.9960479736328,167.73066925493364,165.6161620916175,165.69558183671225,58499100,21.938554426277562,175.30726423219917,-1.9169115505708874,-1.0295249307427996,181.31148201703195,166.3057405781829,15.297057722780055,10.681155982556339,Hold,False,False,,0.007969442580179953,,
2023-10-30,169.0509796142578,169.92458166587582,167.64131321590813,167.7902309189435,51131000,30.39692051992266,175.06191973737796,-1.9684191180608082,-1.2173037682064014,181.41927140758452,165.85446821643893,27.714522320006914,16.77670600561958,Hold,False,False,,0.012305271086112457,,
2023-10-31,169.52748107910156,169.65652489813172,166.67835290941483,168.11781482217418,44846000,27.115975494228806,174.8448829272495,-1.948330410288321,-1.3635090966227854,181.4797744832892,165.63215178624205,30.59390767436565,24.5351625723842,Hold,False,False,,0.0028186850258486995,,
2023-11-01,172.70420837402344,172.9623111800798,168.88221462983017,169.75581666227828,56934900,34.6957251939302,174.76093490555436,-1.6569740554837722,-1.4222020883949829,181.4868722369042,165.65582948428724,51.04559418181407,36.451341392062204,Hold,False,False,,0.018738715839466735,,
2023-11-02,176.27801513671875,176.48647870246754,174.18336680542194,174.2429278242073,77334800,47.306389029412486,174.82042824795298,-1.1247305137496824,-1.3627077734659228,181.7110976134187,165.6956696595305,88.73986374778015,56.79312186798662,Hold,False,False,,0.020693223380843007,,
2023-11-03,175.3647003173828,175.53347673875106,172.08872301559984,172.97224682902157,79763700,45.784127492953296,174.84177225067572,-0.7677701687626097,-1.2437202525252604,181.62324852998537,165.7001279348584,86.11758502489644,75.30101431816354,Hold,False,False,,-0.0051811045105516484,,
2023-11-06,177.92593383789062,178.1244756256995,174.92791800211177,175.09667927913767,63841300,54.06885387269208,174.96271976389983,-0.27503594049849767,-1.049983390119908,181.66119534749492,165.686006190591,98.54653505199487,91.13466127489046,Hold,False,False,,0.014605182889557478,,
2023-11-07,180.4971160888672,181.1126002277605,177.66784614167742,177.87630973489087,70530000,61.1401744026563,175.17975491389853,0.31925226338174184,-0.7761362594195781,182.2712886673849,165.41642037802524,96.30295886002045,93.65569297897059,Hold,False,False,,0.014450857137662476,,
2023-11-08,181.559326171875,182.1152492936175,180.26878169767622,181.02326177527158,49340300,63.49435704227947,175.42993417891722,0.8659591845720058,-0.44771717062126126,182.8801815011724,165.11427955839793,96.85041327464464,97.23330239555332,Hold,False,False,,0.005884914429795218,,
2023-11-09,181.0828094482422,182.78035920210118,180.4871689201494,181.62881074103257,53763500,68.73767723326914,175.65161556202798,1.2464096071569202,-0.10889181506562495,183.20916045611386,164.95406433636663,90.73176314231695,94.62837842566069,Hold,False,False,,-0.0026245786084363454,,
2023-11-10,185.2875518798828,185.4565506612299,182.43468499907056,182.87206148972973,66133400,73.09236801540725,176.02949541763016,1.865700250655948,0.28602659807868963,184.7926755402918,164.14443383470817,99.19493606400063,95.5923708269874,Hold,False,False,,0.02321999777037065,,
2023-11-13,183.69708251953125,184.9197374055116,183.11060738869827,184.71099921820172,43627500,68.89335931497367,176.3301851079008,2.202762882763551,0.6693738550156619,185.83995181418453,163.72490261696782,91.61837537448112,93.84835819359955,Hold,False,False,,-0.008583789597385483,,
2023-11-14,186.32135009765625,186.987349680322,185.18815428767326,186.579792942837,60108400,76.74342413411797,176.72199549965595,2.6510838642052477,1.0657158568535792,187.50802460113408,163.1028579672253,97.04299423893731,95.95210189247302,Hold,False,False,,0.014285842443066521,,
2023-11-15,186.887939453125,188.36905250310778,186.65931635404164,186.72890587030213,53790500,89.03205808179362,177.12065996841946,3.017318725723129,1.4560364306274893,189.16679403468996,162.67682473972408,93.49044001356937,94.05060320899594,Hold,False,False,,0.003040925557762364,,
2023-11-16,188.57778930664062,189.82032912157422,187.52410280269015,188.43862545407694,54412900,89.17920349692385,177.56995915815364,3.40467230952072,1.8457636064061356,191.00583082670235,162.27722886568048,94.63079642143643,95.05474355798104,Hold,False,False,,0.009042048718930218,,
2023-11-17,188.5579376220703,189.24382214751304,187.4446266055401,189.11459313033544,50922700,88.23804589972507,178.00086027438564,3.6677711674645366,2.210165118617816,192.58483654801876,162.39180224592656,94.54501427220112,94.22208356906897,Hold,False,False,,-0.00010527053394415731,,
2023-11-20,190.30740356445312,190.76466491067268,188.7467813740569,188.75671623264228,46505100,88.79713561119249,178.4834698151726,3.971663326015573,2.5624647600973676,194.28856908459926,162.54468286852574,97.91037411098394,95.69539493487382,Hold,False,False,,0.009278134691361073,,
2023-11-21,189.5022430419922,190.37699597796984,188.60762038854105,190.26765186097265,38134500,84.40998820989144,178.91557856916555,4.100265023077014,2.870024812693297,195.6057479652149,162.9599228111523,93.2403844701747,95.23192428445326,Hold,False,False,,-0.00423084182422917,,
2023-11-22,190.16822814941406,191.77855487032625,189.69109711501824,190.3471617671388,39617700,82.3015600970563,179.35685894486159,4.207421688625175,3.1375041878796726,196.6792010007198,163.91778386256146,91.82153137318114,94.3240966514466,Hold,False,False,,0.003514391685982776,,
2023-11-24,188.8362579345703,189.76070040271065,188.12055368994098,189.7308806564948,24048300,80.72962640165511,179.72860008171293,4.137174481376206,3.3374382465789796,196.72122397262137,166.19181618851144,82.53895708057173,89.20029097464253,Hold,False,False,,-0.0070041679822416825,,
2023-11-27,188.65733337402344,189.53208641907588,187.77264546899545,188.7865623923312,40552600,77.46403632021206,180.07874648533294,4.020717023785664,3.474094002020317,196.50261088576102,168.57655781541084,77.88047676183815,84.08032173853034,Hold,False,False,,-0.0009475116828934205,,
2023-11-28,189.26368713378906,189.9396367824376,188.2696551316836,188.64739214615557,38415400,74.94420912417442,180.4389402362528,3.9320253894292136,3.5656802795020965,196.2734471046768,170.8269923484482,78.1501537970087,79.5231958798062,Hold,False,False,,0.0032140481841937962,,
2023-11-29,188.23983764648438,190.9436059381113,187.84223090795535,189.7607054145589,43014200,69.05016760826659,180.74485778175205,3.736053632590881,3.599754950119854,195.5052476880777,173.46642742178557,68.66002774631535,74.89688610172072,Hold,False,False,,-0.005409645679051667,,
2023-11-30,188.8163604736328,189.1841625986753,187.06686975200412,188.70701635554832,48794400,71.92795125218274,181.0613872990807,3.585928822047407,3.596989724505365,194.95686609523565,175.62602422458858,68.29799175814769,71.7027244338239,Hold,False,False,,0.003062703593227356,,
2023-12-01,190.0986785888672,190.41676093068807,188.1006646303825,189.19410585978827,45679300,66.35149739974983,181.41579087907235,3.529737565748036,3.5835392927538994,194.8803048484997,177.08465181653935,80.61967628415358,72.52589859620554,Hold,False,False,,0.006791350664835161,,
2023-12-04,188.29946899414062,188.91577913023963,186.33128993843854,188.84618961175903,43389500,65.42321781763069,181.6857390404476,3.301961456352984,3.5272237254737164,194.0323395509315,179.22609398178332,47.20979654342797,65.37582152857641,Hold,False,False,,-0.009464608634222937,,
2023-12-05,192.26565551757812,193.23980256929687,189.0449865799245,189.07482149235318,66628400,68.27640692762549,182.10063772582527,3.4022661479404803,3.5022322099670693,193.93280017085482,180.75960552982878,85.8993229980139,71.24293194186515,Hold,False,False,,0.02106318485455172,,
2023-12-06,191.17222595214844,193.5976510937421,190.9634725753497,193.28950362567244,41089700,62.75914782388991,182.4563862837203,3.354855030455468,3.472756774064749,193.82888252801607,181.93103415899563,66.62118645419393,66.57676866521193,Hold,False,False,,-0.005687076885812936,,
2023-12-07,193.11058044433594,193.8362194805571,192.43463086867496,192.4744006383907,47477700,63.3023307883483,182.8741978194307,3.4341041710567595,3.4650262534631513,194.05523699690045,182.85980511735735,90.3311679057239,80.95055911931057,Hold,False,False,,0.010139310156239256,,
2023-12-08,194.5419921875,194.8203199094653,192.5141585929263,193.04099429291227,53377300,66.21770383009272,183.3317583828844,3.5712455550730624,3.4862701137851335,194.20706110726337,184.05389928092023,96.72132478133267,84.5578930470835,Hold,False,False,,0.007412394183013982,,
2023-12-11,192.02708435058594,192.33524699521988,190.27759358324766,191.9575100014726,60943700,54.474936211879005,183.67275155808838,3.437375124732853,3.4764911159746776,194.36141879267936,184.57349484257455,67.09593948410202,84.71614405705286,Hold,False,False,,-0.012927326427757513,,
2023-12-12,193.5479736328125,193.5579084922386,190.5758125501861,191.92769665062553,52696900,60.14969149862229,184.06001516886187,3.414643019490285,3.4641214966777993,194.36736359349953,185.5526391530825,85.01187672802024,82.94304699781831,Hold,False,False,,0.007920181089922984,,
2023-12-13,196.778564453125,196.8183190559037,193.68712459255818,193.925682544677,70404200,64.69295434149558,184.55878180746043,3.6156306033908265,3.494423318020405,195.5102261807714,185.45549800135748,99.6209164451305,83.90957755241759,Hold,False,False,,0.016691421561671138,,
2023-12-14,196.9276580810547,198.42864077264184,194.98929893159502,196.83819885132337,66831600,68.98316467459867,185.04383577897394,3.7437892493768743,3.544296504291699,196.48366091067746,185.48603513424442,87.59246787037564,90.74175368117547,Hold,False,False,,0.0007576720988082819,,
2023-12-15,196.39088439941406,197.21591750628332,195.82427895138287,196.35111463057538,128256700,67.84400045628726,185.48881807781476,3.758714627048448,3.587180128843049,197.25149416049535,185.49951139370384,83.15535028159758,90.12291153236792,Hold,False,False,,-0.002725740441292923,,
2023-12-18,194.7209014892578,195.45649052996882,193.2298536912898,194.9197048287757,55751900,62.00257204684454,185.850860564538,3.59435593436217,3.5886152899468735,197.5838466489862,185.78345529193177,69.35081627209655,80.03287814135659,Hold,False,False,,-0.008503362644672885,,
2023-12-19,195.76466369628906,195.77459855586707,194.72092706706565,194.98931995291727,40714100,66.53558382718523,186.23963715794002,3.5078866396918045,3.57246955989586,198.08891269210423,185.82411526199732,77.9788392280001,76.82833526056474,Hold,False,False,,0.005360298761192928,,
2023-12-20,193.66725158691406,196.50023361616374,193.66725158691406,195.72488988877126,52242800,59.99181565485448,186.5309161551547,3.2328491990775206,3.504545487732192,198.22873572835093,186.10079308024282,60.64105893113619,69.3235714770776,Hold,False,False,,-0.010713946377109984,,
2023-12-21,193.5181121826172,195.90379770975298,192.34516188676014,194.9296507492267,46482500,57.388212146028756,186.80492384250616,2.968625278036086,3.397361445792971,198.34890413193853,186.31561307997555,59.408231956529434,66.0093767052219,Hold,False,False,,-0.000770080656769867,,
2023-12-22,192.44459533691406,194.24379077463595,191.8183503425399,194.01515250091973,37122800,59.24613636719471,187.02608743052215,2.642145075533989,3.2463181717411747,198.29995199191958,186.72539896022883,36.22904986873869,52.092780252134766,Hold,False,False,,-0.005547371424800218,,
2023-12-26,191.89785766601562,192.73284080582573,191.67916943877162,192.45451309255571,28919300,49.03190721989008,187.21713724367876,2.312631426601314,3.059580822713203,198.18218928901487,187.16721409233278,19.87798678035117,38.50508953520642,Hold,False,False,,-0.002841013383313107,,
2023-12-27,191.99728393554688,192.34520121931277,189.9495803442342,191.34123431157244,48087700,52.2915732522786,187.4045939766932,2.0360421285499797,2.8548730838805585,198.0935110903813,187.52925197114212,24.150123809145175,26.752386819411672,Hold,False,False,,0.0005181207895728068,,
2023-12-28,192.42471313476562,193.4982694967864,192.01715638138543,192.98136861854135,34049900,47.920489211748404,187.60146139465684,1.830235268435473,2.6499455207915417,197.85262565529445,188.1886249550571,29.191121014292122,24.406410534596148,Hold,False,False,,0.0022262252384894765,,
2023-12-29,191.38095092773438,193.23978563415233,190.58572241393787,192.7427697089948,42628800,40.185189045571434,187.74967667046383,1.5648701134437033,2.432930439321974,197.63480747920835,188.66290217655336,16.881240505193464,23.407495109543586,Hold,False,False,,-0.00542426276764274,,
