Price,Close,High,Low,Open,Volume,RSI,EMA12,MACD,Signal_Line,Signal
Ticker,GOOGL,GOOGL,GOOGL,GOOGL,GOOGL,,,,,
Date,,,,,,,,,,
2024-04-17,154.73025512695312,156.33259514906842,153.84449046790715,154.87953533334849,21763100,,154.73025512695312,0.0,154.73025512695312,0.0
2024-04-18,155.26766967773438,156.19325246003623,153.88428416601494,154.6008594858019,19883000,,154.81293428861179,0.04287067641558906,154.83773803710938,0.0
2024-04-19,153.3568115234375,155.6160147529958,151.57533531126506,155.45677241386718,32239100,,154.5889154016619,-0.07646287062624424,154.54155273437502,0.0
2024-04-22,155.53639221191406,156.88992171020138,153.32695413108942,153.5757645889644,26446200,,154.73468106477762,0.004783241406073557,154.74052062988284,0.0
2024-04-23,157.5069580078125,158.21358635071638,155.53638354340058,156.21315584791824,21151600,,155.1611852098599,0.22557922467791514,155.29380810546877,0.0
2024-04-24,158.37281799316406,158.81072677485923,156.42213756184464,156.74062219805325,22779100,,155.65528256113745,0.46506827906790704,155.90961008300783,0.0
2024-04-25,155.2577362060547,155.74541020347255,150.15214040585292,150.60995836120296,57109700,,155.5941215834324,0.3989056773639561,155.77923530761723,0.0
2024-04-26,171.13182067871094,173.8786977049699,168.84276155222324,173.54030395897186,64665300,,157.9845368288599,1.60883168037347,158.84975238183597,0.0
2024-04-29,165.35940551757812,168.74323647348305,164.42389105822426,168.2555625642054,45610000,,159.11913201173962,2.077967576653805,160.1516830089844,0.0
2024-04-30,162.00546264648438,167.3001564313842,161.82632640780892,164.8219988264117,33562900,,159.56318287862342,2.154292650100672,160.5224389364844,0.0
2024-05-01,163.080322265625,166.3248050727695,162.31398182603573,163.51823108824746,33493200,,160.10428124585445,2.275284940509323,161.03401560231254,0.0
2024-05-02,165.82717895507812,165.9366561572897,163.1101731735162,164.00588469256783,24294500,,160.98472704727348,2.5632727678740537,161.99264827286567,0.0
2024-05-03,166.44424438476562,167.16081969689057,162.27417880581723,166.7627138644963,34662400,,161.82465279150304,2.808917763557986,162.88296749524565,0.0
2024-05-06,167.30015563964844,167.3399586304374,165.2399977875199,166.66320148373052,21871300,65.37621451191245,162.66703784506387,3.0376420310667243,163.7664051241262,0.0
2024-05-07,170.43515014648438,170.94271797332505,167.58875812637166,167.69823532661383,28039700,67.84262289170746,163.8621320452824,3.4323099844343403,165.10015412859784,0.0
2024-05-08,168.5740509033203,169.34037610962505,167.93709679670465,168.1958541822666,19569100,64.6762068089217,164.5870426388267,3.5539443674251174,165.79493348354234,0.0
2024-05-09,169.15130615234375,169.87782842770906,167.37976174414283,168.58401102643612,15346700,67.94846363309748,165.2892370255216,3.654790022198398,166.46620801730262,0.0
2024-05-10,167.84751892089844,169.0418211972959,165.39923266388908,167.2304738812949,29799900,64.27417414442212,165.68281885557957,3.58814430280637,166.74247019802178,0.0
2024-05-13,168.33518981933594,168.47452305757707,163.2196478065062,163.47840519575857,31327600,63.001923431381066,166.09087592692669,3.533940984037713,167.0610141222846,0.0
2024-05-14,169.5294647216797,170.4351382983431,167.99679921101946,168.96218485890324,25127100,63.29143792037811,166.61988958765792,3.5464709574511346,167.5547042421636,0.0
2024-05-15,171.6891632080078,171.82849645723252,169.69867954126346,169.81811888787405,26948400,70.03152661122785,167.39977783694252,3.6881559046763925,168.38159603533245,-1.0
2024-05-16,173.35121154785156,174.28674128104558,171.86831096693263,172.46544694250113,27867900,54.14036418125259,168.31538302323622,3.8897174157415577,169.37551913783628,0.0
2024-05-17,175.22227478027344,175.43128224723478,172.86355649440316,173.3512152736709,24479300,71.534152580375,169.3779817550881,4.1525673199801645,170.54487026632373,-1.0
2024-05-20,176.0781707763672,177.9193741112275,175.24217134065958,175.3516485419678,22554400,84.48773723970662,170.40878006605408,4.379457753815842,171.65153036833243,-1.0
2024-05-21,177.00375366210938,177.3023140421263,174.9734519608894,176.05826183810862,16989400,84.37340373114425,171.42339138852412,4.581148235554679,172.7219750270878,-1.0
2024-05-22,175.54075622558594,176.30708148924128,174.37632512413728,175.79951363051288,17880000,75.60335431455748,172.0568321326875,4.570254678042744,173.28573126678745,-1.0
2024-05-23,172.72422790527344,177.40186161179759,172.12707671457434,176.22748350592448,21024900,64.83310615655087,172.159508405393,4.284956843294282,173.17343059448464,0.0
2024-05-24,174.15737915039062,174.93366658897898,172.82374351187994,174.1474170125974,16572500,65.7665970365204,172.46687313539263,4.126926937124125,173.37022030566584,0.0
2024-05-28,175.56063842773438,176.42650907586395,173.54029889240527,173.61992005465763,20572200,62.80455728551192,172.9428370265221,4.068024737182043,173.80830393007955,0.0
2024-05-29,175.06301879882812,175.99854847921964,173.88864081616407,174.59525395863238,23388700,67.39591966299626,173.26901883764612,3.935820880936575,174.05924690382926,0.0
2024-05-30,171.2910614013672,174.3862639091637,170.97257674604643,174.36635482166008,22958700,54.89746582485198,172.9647176936032,3.48649281506718,173.50560980333688,0.0
2024-05-31,171.67921447753906,172.23654746866202,168.63377692877057,171.0422603182292,37638900,59.15363989087691,172.76694796805486,3.125686822926042,173.14033073817734,0.0
2024-06-03,172.3460235595703,173.69955303760383,170.3455929752159,171.71901635552842,27459100,59.500275408015895,172.70219036674956,2.8605764501806448,172.98146930245596,0.0
2024-06-04,172.96307373046875,173.0228009976231,171.07212029758608,172.45550585604707,26879600,58.36167937376865,172.7423262688602,2.6694931068172423,172.97779018805852,0.0
2024-06-05,174.5753631591797,175.80945323933747,173.10239440013726,174.36635570479385,22068500,57.22113036745876,173.02433194429398,2.6179780417223526,173.29730478228277,0.0
2024-06-06,175.88906860351562,176.30706831231922,174.91373594964054,175.06301613629049,23251000,56.462235083757555,173.4650606610973,2.652579743640956,173.81565754652934,0.0
2024-06-07,173.62989807128906,177.0236612038553,173.47065573222022,176.20757079195172,19661400,46.02386337312087,173.49042026266528,2.4692417782583505,173.7785056514813,0.0
2024-06-10,174.37716674804688,176.41975708694557,172.13530264029285,174.3373180757214,23779200,45.729455977505104,173.62684279887782,2.357072591238307,173.89823787079445,0.0
2024-06-11,175.98133850097656,176.20054419886765,173.14165320239113,175.58279097950916,21540600,47.51770264593152,173.989072906893,2.3702976404877916,174.31485799683088,0.0
2024-06-12,177.1470947265625,179.75763099848155,175.47317699825936,177.605438030424,27864700,53.957104956708775,174.4749224176114,2.4466420060093412,174.8813053427772,0.0
2024-06-13,174.52662658691406,176.10091514486052,174.24764028080844,175.4731883543162,20913300,54.48339365746419,174.4828769051964,2.269533813941621,174.8103695916046,0.0
2024-06-14,176.15072631835938,176.419754263997,173.52027308216327,173.59002726213419,18063600,54.91171131608115,174.7394691226061,2.234468014528744,175.07844093695556,0.0
2024-06-17,176.59910583496094,177.715051051079,174.17788480631722,174.82554352922475,19618500,52.68519636413278,175.025567078353,2.2172989534694523,175.38257391655665,0.0
2024-06-18,174.45687866210938,176.74856500464978,173.47046818859647,176.49946899358264,21869900,48.55553713190269,174.93807655277706,2.0076891288397576,175.19743486566722,0.0
2024-06-20,175.66250610351562,176.64891655489416,174.35724546739127,174.73586105725994,20160100,61.86913611140342,175.0495272528907,1.916760667503155,175.2904491132369,0.0
2024-06-21,178.98046875,180.19605848680078,175.9713847127052,176.3599738775111,58582700,67.10297276720769,175.6542874832152,2.0883577745230184,176.02845304058954,0.0
2024-06-24,178.5719451904297,180.23590467855502,178.02393093898397,179.50854860133447,18298000,64.76267386814749,176.10315789970974,2.1664122294073707,176.5371514705576,0.0
2024-06-25,183.3645477294922,183.6236020982057,178.77121684563144,178.97049060645827,23235600,70.58698818002316,177.22029479659935,2.5851934182088314,177.90263072234453,-1.0
2024-06-26,183.215087890625,183.84279944854669,181.82014122095,181.9696079374934,19839000,68.15112209314626,178.1425706572187,2.8719147223663697,178.96512215600063,0.0
2024-06-27,184.73956298828125,185.37724814669312,183.35458982218609,183.51399970907897,18848900,68.43070239435868,179.15749255430524,3.1854360969767015,180.12001032245678,0.0
2024-06-28,181.49134826660156,184.46058367632295,181.30204806851228,183.65351502999962,29156600,65.72338023010957,179.51654727927388,3.1356543916288047,180.39427791128574,0.0
2024-07-01,182.3283233642578,183.21510456344126,180.64443188180954,182.3681720367947,16006100,65.84593751843569,179.94912821542525,3.1276849221051464,180.78108700188017,0.0
2024-07-02,184.57017517089844,184.89898371094532,180.90347419393802,181.39170782072514,17372500,66.69250661320743,180.66005851626727,3.26463508386729,181.53890463568382,0.0
2024-07-03,185.14808654785156,185.4170992875996,183.33466032731423,184.18159282875,10242100,65.91364465446026,181.35052436728023,3.380829592994928,182.2607410181174,0.0
2024-07-05,189.91079711914062,190.16985148670972,185.12815086235847,185.18793146998107,20967500,78.19573810230948,182.66748940602798,3.8132685321237716,183.79075223832206,-1.0
2024-07-08,188.34646606445312,189.48234321486567,187.10098606603526,189.2133152781957,21035900,72.4011363407049,183.54117812270877,3.983827975430586,184.7018950035483,-1.0
2024-07-09,188.29666137695312,190.6680603801606,188.03760698643373,189.62185404323878,15121400,71.8053464144572,184.27279093105406,4.06808439639255,185.42084827822927,-1.0
2024-07-10,190.48867797851562,191.05662413286367,188.34645854817109,188.46601975809165,15952500,79.82941479086533,185.22908124604817,4.26259904887894,186.43441421828658,-1.0
2024-07-11,184.89898681640625,190.16985150502285,184.41075318141904,189.16350913484757,25625800,64.7752813376892,185.17829748764174,3.9205186520105144,186.12732873791052,0.0
2024-07-12,184.4008026123047,186.4334193756876,183.8228980414375,184.4107609794594,22898400,59.53050791707157,185.05868289143604,3.5680874797549222,185.78202351278935,0.0
2024-07-15,185.85549926757812,187.5593225326645,184.25132048016474,184.25132048016474,16474000,62.352156332209056,185.18127002622714,3.36734840299809,185.79671866374713,0.0
2024-07-16,183.25494384765625,187.99772622450305,182.70692960576108,186.68250724756794,18290700,49.799193194430075,184.88491215260086,2.9642481423772153,185.28836370052898,0.0
2024-07-17,180.3654327392578,182.88628299827582,179.24947234058598,182.3083784640881,20734100,45.255466293245235,184.18960762747116,2.3841459336153434,184.30377750827475,0.0
2024-07-18,177.0474853515625,181.84009022857012,175.83189558689608,181.27214401888858,25315700,37.91481192379908,183.09081958502367,1.6378005831895734,182.8525190769323,0.0
2024-07-19,177.01759338378906,179.63807308812588,176.48951105533254,178.23318313703982,18881900,42.18041230514507,182.15647709252602,1.0320081364730527,181.68553393830368,0.0
2024-07-22,181.01309204101562,182.03936641608118,179.57829654867925,179.93699542176336,24100300,47.92972174518729,181.98057169998594,0.8643528857876106,181.55104555884608,0.0
2024-07-23,181.13265991210938,182.9460862824838,180.88356388564793,181.3917295099428,36352700,44.201676173493894,181.85012373262032,0.7326870593174419,181.46736842949875,0.0
2024-07-24,172.00576782226562,175.55289228609792,171.19869924751436,172.97226147943047,49585200,32.79409326362766,180.3356074387196,-0.10689080117310823,179.57504830805212,0.0
2024-07-25,166.6751251220703,172.7929226710128,166.58545420511723,171.8961830942536,44852000,20.025628660006888,178.2339947746197,-1.1886980491379973,176.99506367085576,0.0
2024-07-26,166.39613342285156,167.48218836937892,163.4667619348052,166.54558494627688,41336900,20.71249962844412,176.41278533588616,-2.0449771618785064,174.87527762125492,0.0
2024-07-29,168.9169921875,169.8137317797604,167.38256739097093,168.2195263708959,20293800,25.742026226281908,175.2595863899806,-2.491452381097787,173.68362053450394,0.0
2024-07-30,169.67422485351562,170.6108282471045,167.83092357369438,169.62441781635252,18959700,22.975376039800267,174.40029999975522,-2.75245625891111,172.88174139830627,0.0
2024-07-31,170.91970825195312,173.61991563812455,169.39524191629772,172.6135732503379,25729100,29.542092805144932,173.8648243462472,-2.826224652662603,172.48933476903565,0.0
2024-08-01,170.1425323486328,173.42064433790932,168.2693407012315,169.63438196406787,24531400,29.30281245902337,173.2921640389219,-2.9138096525599906,172.01997428495508,0.0
2024-08-02,166.05735778808594,167.90065902927802,164.07454819419817,165.8381520961541,29130100,23.30018211562799,172.17911692340869,-3.2751074418957273,170.82745098558127,0.0
2024-08-05,158.67416381835938,163.83542602504582,154.36977732002595,154.93772354006205,53630700,20.63793876516928,170.10143183032417,-4.109825087058368,168.3967935521369,0.0
2024-08-06,157.71762084960938,159.98939041713092,155.8444292184306,158.7538687510913,49004600,21.63712182274928,168.19623014098343,-4.793275956564088,166.2609590116314,0.0
2024-08-07,158.3652801513672,162.3906649427379,157.89697844100593,160.66692482795222,25138600,24.92644983823675,166.68377629642708,-5.2224538051070795,164.68182323957856,0.0
2024-08-08,161.44410705566406,163.09810823419537,159.6306959832372,159.92959903655023,25578800,30.679850349026594,165.8776733363097,-5.253584687752607,164.0342800027957,0.0
2024-08-09,163.0781707763672,163.1977319936456,158.48483983468753,159.43140161323996,28602300,26.36553637576324,165.44698063478006,-5.087752407971493,163.84305815751003,0.0
2024-08-12,161.70315551757812,164.30371841151174,161.25478575040617,163.75571936475353,15895300,25.216048806009198,164.8710075398259,-5.009534575135007,163.41507762952364,0.0
2024-08-13,163.56639099121094,164.13432193027123,162.38069167183113,162.81910303734423,18551700,36.78626053774955,164.67029730157745,-4.742529915327935,163.4453403018611,0.0
2024-08-14,159.7900848388672,162.62978510037354,157.1397151588883,161.8127429859203,40591100,38.66837638776716,163.9194953842374,-4.780536100961456,162.71428920926232,0.0
2024-08-15,160.7167510986328,161.05551802843678,159.03285961324696,159.9196408139774,31524300,40.84780571000299,163.42676549414438,-4.681911888345866,162.31478158713642,0.0
2024-08-16,162.37074279785156,164.46314006883134,160.54735825938926,160.88612516941268,24208600,39.14766900586511,163.2643004639455,-4.419344727090049,162.32597382927946,0.0
2024-08-19,166.06732177734375,166.08725371463413,163.66603265490428,164.68234860612503,22416200,44.55149186165083,163.6955345121606,-3.868383018601463,163.0742434188923,0.0
2024-08-20,166.57546997070312,168.0301973015893,166.21678632585224,166.2964836667436,18341500,43.288176701176944,164.13860150578253,-3.3520976871973858,163.77448872925447,0.0
2024-08-21,165.2502899169922,166.2466739015297,164.07454890935912,164.5528089649255,22902000,42.56737208530304,164.30963049212247,-3.015112458191709,164.06964896680202,0.0
2024-08-22,163.2076873779297,166.98397570444556,162.71945378909075,166.65516718995548,22493300,45.38410432997885,164.14010078224663,-2.879675088631643,163.89725664902758,0.0
2024-08-23,165.0211181640625,165.57909078821876,163.237597440162,164.12437861861332,13955700,62.54425656806676,164.2756419179106,-2.5960852339442795,164.12202895203458,0.0
2024-08-26,165.55917358398438,166.9441467734434,163.8653237787171,165.77837928622512,14190400,65.75889900154553,164.4731083280758,-2.301392633566479,164.40945787842458,0.0
2024-08-27,164.0845184326172,165.83816409495242,163.86532792843937,165.2403275821356,11821900,61.12399820029227,164.41332526723602,-2.161917729293293,164.3444699892631,0.0
2024-08-28,162.2611541748047,165.0012104060404,160.94591988607655,164.44322254791618,16407400,51.67076458400939,164.08222202224658,-2.1734588393401566,163.92780682637144,0.0
2024-08-29,161.19500732421875,165.36985884682494,159.67054097302747,163.71585770644296,19699800,46.057585478344585,163.63803514562693,-2.242781009488084,163.3812469259409,0.0
2024-08-30,162.7892303466797,163.06821666334946,161.10533887588517,162.03196874119254,22123800,52.253025632649546,163.50744979194275,-2.1443600069918887,163.26284361008865,0.0
2024-09-03,156.79100036621094,161.26477038522722,155.91417750545756,161.13523558890284,38945300,38.002883423449326,162.4741498802917,-2.5213036643671103,161.96847496131312,0.0
2024-09-04,155.88427734375,158.42505964289654,155.3960589028362,156.09352467815137,19353800,42.3017027795806,161.46032333620835,-2.8602282676424124,160.7516354378005,0.0
2024-09-05,156.6714324951172,158.87343271753585,155.41597886981896,155.73482906151818,18688700,41.982636717403324,160.7235708991174,-3.0303792892716217,159.93559484926385,0.0
2024-09-06,150.374267578125,157.25928448946016,150.00561037278717,156.73120219936595,37912100,29.919971149361814,159.1313703881955,-3.631492199433211,158.0233293950361,0.0
2024-09-09,148.36888122558594,153.04811005909767,146.8822936520537,152.16015223667844,39260500,18.598033933729866,157.4756028247171,-4.221038921278819,156.09243976114607,0.0
2024-09-10,148.31900024414062,150.92301391041104,147.9997269680091,150.10488755816476,31118800,17.0724712984684,156.06689473539765,-4.638810603053429,154.53775185774498,0.0
2024-09-11,150.81326293945312,151.15247937146228,147.18161321895167,149.57610185215293,29607700,25.014906895937983,155.25864368986774,-4.714288137546475,153.79285407408662,0.0
2024-09-12,154.33517456054688,154.46488123819847,152.29984538660895,153.4472166512295,29695000,35.39291999917603,155.11657151612607,-4.438748661890571,153.90131817137868,0.0
2024-09-13,157.0988311767578,158.0167190902818,154.8539921377882,155.07347350460154,29591200,37.35300035417786,155.42153454083865,-3.951823488936583,154.5408207724545,0.0
2024-09-16,157.6974334716797,157.88700007819574,156.2407910010188,156.949153850456,18379800,37.473870823282404,155.77167283789112,-3.477542632025205,155.17214331229957,0.0
2024-09-17,158.95455932617188,160.18173369132347,158.01671306098063,158.65524442097214,20715600,41.769370916780794,156.261347682242,-2.9660414066562453,155.92862651507403,0.0
2024-09-18,159.4434356689453,160.1318554271487,158.23621961441162,159.4933240269204,23677300,45.27693544822845,156.75089968019634,-2.492492859075753,156.6315883458483,0.0
2024-09-19,161.76808166503906,163.41429079540828,160.96991366518583,163.3344876968325,26587700,50.92170162262875,157.52277383171062,-1.9076327168775435,157.65888700968645,0.0
2024-09-20,163.21475219726562,163.35443045510996,161.68826294232812,163.12496229374892,40896400,50.68765001580607,158.39846281102677,-1.3122656374634403,158.7700600472023,0.0
2024-09-23,161.47874450683594,165.1103942398001,161.29914948564644,163.97300985155823,24150900,58.78576322914891,158.8723523026897,-0.9693402982705663,159.311796939129,0.0
2024-09-24,161.917724609375,162.84559924653018,160.32140390143587,162.65603264196153,23332100,61.50967561651491,159.34087111910281,-0.6546016306289175,159.83298247317822,0.0
2024-09-25,161.11956787109375,162.43653204188453,160.93000127122684,161.09960948590057,18869200,58.48190307377443,159.61451677325527,-0.4642222817625168,160.09029955276134,0.0
2024-09-26,162.35671997070312,163.70362938299246,161.90775524120266,163.26463623457852,20319300,78.31216271952975,160.03639418824724,-0.21108419385834054,160.5435836363497,-1.0
2024-09-27,163.5739288330078,165.31991468714682,162.25696456225583,162.4365443712631,21101300,87.3164096964141,160.58063028744118,0.08674816823173614,161.14965267568135,-1.0
2024-09-30,165.46957397460938,165.76887364583845,162.88550343062403,162.9453785886578,20413900,88.59455628518725,161.33277547008245,0.47032358380633354,162.01363693546696,-1.0
2024-10-01,166.60696411132812,168.7719847422779,164.2024885113937,167.30535540779766,28338100,87.85274287712092,162.14418910719718,0.8562177968431115,162.9323023706392,-1.0
2024-10-02,165.47955322265625,167.13574919120185,164.3521403294987,166.03826626655388,17760200,80.17290099546554,162.65732204803703,1.0588631886235476,163.4417525410426,-1.0
2024-10-03,165.47955322265625,166.25776285148348,163.54400073216186,164.0328822574666,15073100,76.68361561609416,163.0915114595169,1.2055641287521155,163.84931267736533,-1.0
2024-10-04,166.6768035888672,167.84411807380985,165.10042588796134,167.67450983826666,19047400,77.53982115346096,163.64309486403235,1.4022692919266433,164.4148108596657,-1.0
2024-10-07,162.6061553955078,168.09353960289477,162.37668722767793,167.3352883566198,22463100,59.55112951981539,163.4835657150286,1.2156786745227066,164.05307976683412,0.0
2024-10-08,164.00294494628906,164.35213297119705,162.49639888774195,163.5639517960843,23072700,61.385135907459485,163.56347021214557,1.1670603638038983,164.04305280272513,0.0
2024-10-09,161.4887237548828,164.46188392429227,159.37359151374716,163.07507293573457,31181800,49.308982920086905,163.24427844948977,0.9151046080709762,163.53218699315667,0.0
2024-10-10,161.70822143554688,162.69595604624766,160.0320671165202,160.50099024469034,14144100,46.03259690265131,163.00796198580625,0.7247846188964786,163.16739388163472,0.0
2024-10-11,162.8655548095703,163.52402928799188,160.87014254138842,161.75810039177787,15344300,53.766933086642034,162.98605318946224,0.6597367527257632,163.10702606722185,0.0
2024-10-14,164.5816192626953,165.84869515872447,163.02518482340258,163.26463978878337,19016100,56.76638546549349,163.23152489303655,0.738148987710531,163.40194470631656,0.0
2024-10-15,165.08047485351562,167.29536861569628,164.25237687914083,165.40970450318616,20247200,60.21617605155985,163.51597873311025,0.8309658686590637,163.73765073575638,0.0
2024-10-16,164.78115844726562,165.41968980167007,163.36441748042412,164.1525986742248,16406000,56.57113741786492,163.71062176605722,0.870338858434593,163.9463522780582,0.0
2024-10-17,162.55625915527344,165.9883708197769,162.3866509330354,165.3498394792033,21453400,47.3845982506996,163.53302751824432,0.7137834070919951,163.66833365350126,0.0
2024-10-18,163.04515075683594,164.3322003226238,162.7059342913527,162.81568258592537,19757700,43.283613635422135,163.45796955495072,0.6219916181921974,163.54369707416822,0.0
2024-10-21,163.69366455078125,164.12267091200812,162.24697837282997,162.57622324771475,20946500,41.704582583125365,163.49423032354002,0.5947200450020489,163.57369056949082,0.0
2024-10-22,164.76119995117188,165.38975972379467,162.60615092256947,162.60615092256947,16568100,47.947540606242384,163.6891487277911,0.6517355105394813,163.81119244582703,0.0
2024-10-23,162.4066162109375,165.43965162521155,161.5585598399715,164.38207025094962,18280500,42.26132012683891,163.49183603289055,0.5011485198103571,163.53027719884912,0.0
2024-10-24,162.34674072265625,162.95534206352698,160.64065656258018,162.45648900457678,22412500,38.43282334900488,163.31566752362374,0.37267977279717,163.29356990361055,0.0
2024-10-25,164.89089965820312,165.21015770980458,163.04513719135548,163.29456372883286,19828900,56.64535473580218,163.55801092894365,0.4707334072002993,163.61303585452907,0.0
2024-10-28,166.3375701904297,168.3629124526984,163.5739198981752,168.3629124526984,32138600,56.77079092424956,163.98563543071072,0.6575954890646756,164.15794272170922,0.0
2024-10-29,169.290771484375,169.98917796535144,166.70671622088258,167.34524754513916,42169000,72.06536646076381,164.8018102081975,1.0320864485715617,165.1845084742424,-1.0
2024-10-30,174.059814453125,181.6024702004282,173.660722875302,180.26553244445503,68890800,77.7826819952828,166.22611855357096,1.6941658536858029,166.95956967001894,-1.0
2024-10-31,170.71751403808594,176.41442332366287,170.60776574356834,172.73288489023227,44769000,66.0809130057063,166.9171024742656,1.92696004562481,167.71115854363234,0.0
2024-11-01,170.89707946777344,171.924730806551,168.49261922011235,169.67989197256162,31796500,63.802829865256584,167.52940662711293,2.1017133066845304,168.34834272846058,0.0
2024-11-04,168.85179138183594,170.33836377636248,167.6246018774653,169.54019582543023,21492700,57.72056319936825,167.73285043553184,2.051520221665868,168.44903245913565,0.0
2024-11-05,169.3506622314453,170.1388434605921,168.45271748343447,169.04136050984187,18242100,59.278783976640305,167.98174455798005,2.0286119724415244,168.6293584135976,0.0
2024-11-06,176.10511779785156,176.53413938489027,173.1020275837351,173.40134249175,33695500,73.23753983108688,169.23149428719103,2.526362797036711,170.1245102904484,-1.0
2024-11-07,180.3354034423828,180.66464832946426,176.78357165271254,177.00306824410018,25352900,76.28149463484871,170.9397880033744,3.225006738980909,172.16668892083527,-1.0
2024-11-08,177.94090270996094,180.48504128160124,177.6715177795822,180.23561473741785,22006200,70.56452127994629,172.0168825736185,3.5446108317755716,173.32153167866042,-1.0
2024-11-11,179.9363250732422,180.13586327493155,178.06063248502642,178.17038077952392,17450400,71.33242013402837,173.23525834279138,3.9137974652892638,174.64449035757679,-1.0
2024-11-12,181.20338439941406,182.07139909398467,178.9785039683493,179.40752552521292,25134900,77.25694298470567,174.4611238899641,4.259520529357417,175.95626916594424,-1.0
2024-11-13,178.46969604492188,180.54492683890805,178.130464355215,180.04607372180914,23184000,71.69717095736354,175.07782729841915,4.263772627863176,176.45895454173976,-1.0
2024-11-14,175.17724609375,178.40981947170926,173.9201418364374,177.8710496301556,31007500,63.569374854569126,175.09312249770082,3.9558684624637976,176.20261285214184,0.0
2024-11-15,172.09434509277344,173.7405542062273,170.8272539769183,173.3314910172349,32504600,57.27986323097525,174.631772127712,3.423622458583395,175.38095930026816,0.0
2024-11-18,174.89788818359375,175.03756643328137,172.5033843297936,173.02219578168507,20206600,57.117549939529454,174.6727130593861,3.191249426223038,175.28434507693328,0.0
2024-11-19,177.71142578125,178.45970544097182,173.16188788594766,173.32152453373092,23434900,54.87741647257167,175.14020732428824,3.1972650134891296,175.76976121779666,0.0
2024-11-20,175.57632446289062,177.27242187746617,173.38137397204065,176.9332054393086,18997100,56.70612357849185,175.2073022686886,2.995220539216035,175.73107386681545,0.0
2024-11-21,167.24549865722656,173.73058909215166,163.32450529327863,173.50110570024947,59734400,45.88581437185045,173.98240940538676,2.1382227183027567,174.0339588248977,0.0
2024-11-22,164.38206481933594,166.0781775052239,163.52403689515066,165.4695761261647,38604600,45.05518286815869,172.5054333152251,1.2139963961224396,172.10358002378536,0.0
2024-11-25,167.2654266357422,168.2431896044489,165.2301128286344,165.70900750846198,33135300,47.808731848735185,171.6992784414585,0.7060645063084507,171.13594934617674,0.0
2024-11-26,168.73207092285156,169.43047745533647,167.19561004372002,167.24549839943876,20486700,41.28332163172178,171.24278497705743,0.4170631168924501,170.65517366151172,0.0
2024-11-27,168.84181213378906,169.09123867813173,167.6345961844918,168.61234397565445,19266500,34.94508033485046,170.8734045396315,0.19463895549438348,170.2925013559672,0.0
2024-11-29,168.5624542236328,169.0413489221372,166.7765668794217,168.1134894922982,14257200,36.99499288203819,170.51787372178555,-0.004128057869792201,169.94649192950035,0.0
2024-12-02,171.0966339111328,171.6852768885628,168.18333376692627,168.38287195306333,23789100,37.922541553672026,170.60691375091588,0.04234662818814172,170.17652032582686,0.0
2024-12-03,170.94696044921875,172.28388297677475,170.4580942007859,171.0966254993042,22248700,35.545553660786666,170.65922862757785,0.06633607325818502,170.33060835050523,0.0
2024-12-04,173.9700164794922,174.50878632573773,170.6676115592613,170.75740145903967,31615100,43.70987496581814,171.16858060479544,0.3255307226852153,171.05848997630264,0.0
2024-12-05,172.24398803710938,175.65614122166315,171.93470156837253,174.95774996584004,21356200,45.711784750930434,171.3340279020745,0.38720482329767947,171.295589588464,0.0
2024-12-06,174.30926513671875,174.6784115765489,171.4657962428472,171.6354044780067,21462400,53.33735528669983,171.79175670740437,0.5958638465577906,171.89832469811495,0.0
2024-12-09,175.1682586669922,176.05723424799297,173.45023604553785,173.75989224042516,25389600,50.43274216245549,172.31121854734096,0.8210763675206181,172.5523114918904,0.0
2024-12-10,184.9569854736328,186.14561898038454,180.8417298459591,182.6396622409938,54813000,59.48014289941101,174.25672115138585,1.7690350238757162,175.0332462882389,0.0
2024-12-11,195.1752166748047,195.3849818086967,184.637364997593,185.0968273042346,67894100,71.16623903525034,177.47495123191183,3.3067072860835935,179.06164036555205,-1.0
2024-12-12,191.7391815185547,194.9554633024938,191.48946911126617,194.77567768503926,34817500,79.57978454836606,179.66944819908767,4.199653321946357,181.5971485961526,-1.0
2024-12-13,189.6016387939453,192.50827955283287,189.42183794011777,190.7902570178538,25143500,80.99991072091734,181.19747752137346,4.680879391135562,183.19804663571114,-1.0
2024-12-16,196.43377685546875,198.77108139081074,192.39841571324646,192.648128127054,44934900,82.68116672963856,183.54152357277272,5.549578870295505,185.8451926796627,-1.0
2024-12-17,195.1951904296875,201.18828813489583,194.7556941593745,197.02308705872431,43504000,79.80244284600255,185.33439539691346,6.068136196124385,187.71519222966765,-1.0
2024-12-18,188.18325805664062,196.77337069091053,187.52402890568504,194.99541962680925,34166100,68.85140040946096,185.77268195994841,5.845904325392581,187.80880539506225,0.0
2024-12-19,188.2931365966797,192.8079411518366,188.16329650997008,191.40955777871685,32265200,69.2945183853526,186.16044421175323,5.6139362837067495,187.90567163538574,0.0
2024-12-20,191.18980407714844,192.66809720587494,185.00692266360085,185.56627599656574,63462900,69.51067228110934,186.9341918833525,5.599291647965146,188.5624981237383,0.0
2024-12-23,194.40611267089844,194.87557322669755,189.93125525567427,192.3984151157297,25675000,71.49872539052832,188.08371815835957,5.780579964786199,189.73122103317033,-1.0
2024-12-24,195.8843994140625,195.8843994140625,193.55707797257898,194.61585613024195,10403300,70.66823971100347,189.28382296692928,5.974665423690055,190.96185670934878,-1.0
2024-12-26,195.375,196.52367101490134,194.1564021929594,194.92550545907343,12046600,72.32809192390107,190.22092712586326,6.018003474715812,191.84448536747902,-1.0
2024-12-27,192.5382537841797,195.09532170060632,190.43068040496257,194.72573696465102,18891400,67.33799819052227,190.5774389194504,5.757083406596848,191.98323905081918,0.0
2024-12-30,191.02000427246094,192.32849481864238,188.90243274221342,189.58165840021294,14264700,64.89021608199522,190.64552589683663,5.365937142530697,191.79059209514753,0.0
2024-12-31,189.08224487304688,191.73918864322025,188.29314510160168,190.8601960597075,17466900,54.5454637162196,190.40502112394591,4.843754138622131,191.24892265072742,0.0
2025-01-02,189.2120819091797,191.7791328258186,187.2843094002135,190.43067970164262,20370800,41.551088672924216,190.22149201398187,4.389794293557657,190.84155450241786,0.0
2025-01-03,191.56936645507812,192.9877463613902,189.76145103861666,191.14985143368122,18596200,49.75180941175106,190.42885731261208,4.172147093324611,190.98711689294993,0.0
2025-01-06,196.64352416992188,197.99197728329852,193.6270092243641,193.75684931380115,29563600,59.47834466565974,191.38495990604437,4.358856060784007,192.11839834834433,0.0
2025-01-07,195.26512145996094,200.7687774852745,194.37614589069548,196.8832529983184,26487200,48.156316725764476,191.98190783741614,4.345506391066863,192.74774297066767,0.0
2025-01-08,193.7268829345703,196.06418741382137,192.1586969389352,192.3484808074723,24864800,47.705278239216526,192.25036554467061,4.162817321416071,192.94357096344822,0.0
2025-01-10,191.81907653808594,196.29393386115163,190.09107094303815,194.07648645979594,26665200,56.76078581363399,192.18401338981144,3.820055661754566,192.7186720783758,0.0
2025-01-13,190.79026794433594,190.96007055747594,187.14447278422705,189.8513620671916,21823700,54.48995896669378,191.96959101358442,3.4259066028402287,192.33299125156782,0.0
2025-01-14,189.4418182373047,191.75914137705388,188.0933651847724,191.02000242961614,17174900,46.67173748574921,191.58070289415676,2.9704900518154886,191.75475664871522,0.0
2025-01-15,195.32504272460938,196.1341084636535,191.6392852545324,192.8678659974796,21776000,51.58837961172884,192.15675517576483,3.049147527329609,192.46881386389407,0.0
2025-01-16,192.68807983398438,195.2551153784116,192.58818877757312,193.91666057341888,17815400,44.68790955087864,192.23849743087553,2.865669620547777,192.51266705791215,0.0
2025-01-17,195.77452087402344,197.00310160992169,193.52710928235737,196.3039099407615,27735100,50.61159200788951,192.78250103751367,2.9354737409862253,193.16503782113443,0.0
2025-01-21,197.82217407226562,202.05728678766425,197.6423732117847,198.84100497169504,29971300,58.28895079438561,193.55783535055244,3.120056441007364,194.09646507136068,0.0
2025-01-22,198.1417999267578,200.24937329507208,197.30276987978317,198.83100862292844,26200600,61.608600533056354,194.26306066996864,3.254613536926314,194.90553204244014,0.0
2025-01-23,197.7522430419922,200.06958147081755,194.97544232412307,197.91206263871854,26951400,64.8833762653687,194.79985795797225,3.291870387229949,195.47487424235055,0.0
2025-01-24,199.9796905517578,200.66888399183227,197.77222616967978,197.87211722888603,23877500,67.24248643893857,195.5967552800931,3.461234155201481,196.37583750423204,0.0
2025-01-27,191.58934020996094,196.65351502081776,190.5105808080997,192.18865606918456,41728900,50.026805281439074,194.98022988468816,2.8851666053469387,195.41853804537783,0.0
2025-01-28,195.07533264160156,195.2551182563093,190.4606370613745,192.52826307792662,24157900,47.80174204237592,194.99486107805944,2.6790371052174464,195.3498969646226,0.0
2025-01-29,195.18521118164062,196.5636133163606,193.20747792712066,195.33503253066368,18218300,49.88385281310394,195.0241457093796,2.4957745358858574,195.3169598080262,0.0
2025-01-30,200.638916015625,201.16830508891937,197.44260031613962,197.7722225159478,24354700,59.01979673215134,195.88795652572506,2.7588042528141727,196.381351049546,0.0
2025-01-31,203.78530883789062,205.24362078448016,201.56786140671954,201.76762828746982,32042000,65.12626323998174,197.10293380451975,3.184436600869617,197.86214260721493,0.0
2025-02-03,200.99850463867188,203.5156099470352,199.8698149328218,200.45913255035472,27838300,62.354905252349525,197.7022523943893,3.2593101955523593,198.48941501350632,0.0
2025-02-04,206.14259338378906,206.81182081300247,202.57669285659674,203.15602747619252,43856400,68.51193726012329,199.0007663927585,3.691183365406573,200.0200506875629,0.0
2025-02-05,191.1099090576172,192.52827375908595,187.81370210065404,190.85021363044225,70373900,46.11562717512813,197.7867883411983,2.7882922745674534,198.23802236157377,0.0
2025-02-06,191.3795928955078,191.87901770448227,188.50290111861952,189.28200260132084,29297400,48.73917974712727,196.8010659649382,2.0706367998720054,196.86633646836057,0.0
2025-02-07,185.1267852783203,190.9600634127379,183.02921021692137,190.83022332592188,49315000,40.33020397461999,195.0050227823816,0.985974645963239,194.51842623035253,0.0
2025-02-10,186.2554931640625,187.98349876976383,185.64619427540677,187.1344857224474,23105600,39.31735612195143,193.6589413026402,0.21497131232226252,192.86583961709454,0.0
2025-02-11,185.10682678222656,186.72495835838524,184.06801459806726,184.81715184499055,21239500,38.1428597602311,192.34323137642272,-0.48317245033288714,191.31403705012093,0.0
2025-02-12,183.39878845214844,184.8970629566076,181.62083725948915,183.0092376906385,22072600,37.249363598656444,190.9671632342267,-1.1608987129284003,189.73098733052643,0.0
2025-02-13,185.92587280273438,186.06571114375504,182.9293238598035,184.10797436946572,21402500,37.58165026088444,190.19158009092018,-1.4770604381296835,188.96996442496803,0.0
2025-02-14,185.01690673828125,186.1855589387927,184.1079651875959,184.8471041355986,20448400,43.307571331307464,189.3954764982065,-1.7804430093049461,188.17935288763067,0.0
2025-02-18,183.55859375,185.74607679460826,181.5309302979739,185.386490331916,29916700,37.76788310237294,188.49749453694398,-2.1141786181592295,187.25520106010453,0.0
2025-02-19,185.05686950683594,185.246653369277,183.3787942547783,183.8582530360721,19549400,39.55070146224156,187.96816760923505,-2.2320386089594706,186.81553474945082,0.0
2025-02-20,184.34768676757812,185.09682399614678,182.5098070913863,184.58741616756504,20441500,31.368546991603424,187.41117055667246,-2.3555157022171613,186.3219651530763,0.0
2025-02-21,179.4533233642578,185.12678179449694,178.87398876546825,184.93699793129608,35199200,23.24253994185456,186.18688637322407,-2.8158470786557928,184.9482367953126,0.0
2025-02-24,179.04379272460938,182.90933584096624,178.68420625509464,181.78064614487357,29854200,24.5248182347417,185.0879488888218,-3.177085249926904,183.76734798117198,0.0
2025-02-25,175.21820068359375,178.53438877889693,174.48904471950055,177.8351818432405,41913400,12.984212600769368,183.5695260880175,-3.729075942941961,182.05751852165633,0.0
2025-02-26,172.5312957763672,175.87744820035027,171.38262477536554,174.8686155406987,35431300,18.43176196674048,181.87133680930208,-4.333390684280175,180.1522739725985,0.0
2025-02-27,168.30616760253906,174.3591940996765,167.746814231894,173.78985771928288,39991000,15.439864990259153,179.7843877005693,-5.094520541824551,177.7830526985866,0.0
2025-02-28,170.0841064453125,170.41372863795183,166.5781498819881,168.48594100971005,48130600,23.98062951950166,178.29203673822212,-5.490960259943478,176.24326344793178,0.0
2025-03-03,166.81787109375,173.17055534541237,165.73911166521458,171.7322094406985,40770500,18.693653619488487,176.52678048522642,-5.999540520019508,174.35818497709545,0.0
2025-03-04,170.72337341308594,173.09064211021553,165.60926829005186,166.04876455679425,45388000,28.72336679628708,175.63394862797404,-6.01807996303782,173.63122266429355,0.0
2025-03-05,172.8209686279297,173.58008886593674,168.86551735545183,170.32384453302183,30954900,34.53110523600492,175.20118247412105,-5.796693527032886,173.46917185702077,0.0
2025-03-06,172.1517333984375,174.60889486138916,170.30385555544734,170.33381982392953,28302000,28.69940914410843,174.73203646247742,-5.610569716253082,173.20568416530415,0.0
2025-03-07,173.66000366210938,174.76872740179581,170.07413701655315,171.06298843219486,27385800,32.75707568588422,174.5671083393439,-5.280490245562817,173.29654806466522,0.0
2025-03-10,165.8699951171875,168.4600067138672,163.69000244140625,168.25999450683594,43604000,27.474652085543624,173.2290909205506,-5.583129629710243,171.81123747516966,0.0
2025-03-11,164.0399932861328,166.75,161.3699951171875,164.91000366210938,39587400,23.460517239386036,171.81538359217865,-5.902597901480107,170.2569886373623,0.0
2025-03-12,167.11000061035156,167.63999938964844,163.52999877929688,166.5800018310547,28372400,29.457578039960737,171.09147851805142,-5.840726613880889,169.62759103196015,0.0
2025-03-13,162.75999450683594,166.1300048828125,162.11000061035156,166.0399932861328,31756200,29.844795860240367,169.80971174709518,-6.072700005200346,168.25407172693534,0.0
2025-03-14,165.49000549316406,166.49000549316406,162.4499969482422,163.27000427246094,31995900,34.50373667721661,169.14514155418271,-5.967462327066045,167.70125848018108,0.0
2025-03-17,164.2899932861328,166.3000030517578,163.6699981689453,165.02999877929688,31184300,36.707561565995874,168.3981956667904,-5.912733355560903,167.01900544137143,0.0
2025-03-18,160.6699981689453,164.25,156.72000122070312,163.67999267578125,42074800,35.89282538392017,167.20924220558345,-6.091247494293327,165.74920398688622,0.0
2025-03-19,163.88999938964844,165.8699951171875,161.0,161.75999450683594,34275600,44.61899899526189,166.6985894646704,-5.904826878893175,165.37736306743867,0.0
2025-03-20,162.8000030517578,164.88999938964844,160.9600067138672,161.57000732421875,28138500,40.97315115160771,166.09880693960693,-5.778430641600636,164.86189106430248,0.0
2025-03-21,163.99000549316406,164.24000549316406,160.88999938964844,161.2100067138672,36625800,46.30543777074723,165.7743759478465,-5.518622219431933,164.68751395007482,0.0
2025-03-24,167.67999267578125,168.32000732421875,165.13999938964844,167.07000732421875,30879100,46.00135285713884,166.06754775214415,-4.957820378727064,165.28600969521614,0.0
2025-03-25,170.55999755859375,170.6300048828125,168.32000732421875,168.97999572753906,24174400,47.08919374350017,166.75869387621333,-4.232202360415101,166.34080726789168,0.0
2025-03-26,165.05999755859375,169.61000061035156,164.83999633789062,169.0,28901600,41.87999633802797,166.49735598119491,-4.0542144274309635,166.0846453260321,0.0
2025-03-27,162.24000549316406,165.4199981689453,162.0,164.6300048828125,24508300,37.305478539838546,165.84237898303633,-4.093519950370165,165.31571735945852,0.0
2025-03-28,154.3300018310547,161.82000732421875,153.6300048828125,160.49000549316406,48669300,37.206221929000996,164.0712440365776,-4.708662518876906,163.11857425377775,0.0
2025-03-31,154.63999938964844,155.5399932861328,150.66000366210938,153.11000061035156,54603500,39.21524757883237,162.62028332166543,-5.112222702988646,161.4228592809519,0.0
2025-04-01,157.07000732421875,158.10000610351562,153.6199951171875,153.6199951171875,30672900,38.30928138382306,161.76639470667362,-5.176296599429691,160.55228888960528,0.0
2025-04-02,157.0399932861328,158.41000366210938,154.6999969482422,155.14999389648438,25041700,42.59451395139158,161.0392560265904,-5.169902092848417,159.84982976891078,0.0
2025-04-03,150.72000122070312,152.77999877929688,150.38999938964844,151.11000061035156,46883400,32.50414365889148,159.4516783641462,-5.610134799830718,158.02386405926927,0.0
2025-04-04,145.60000610351562,151.07000732421875,145.3800048828125,148.00999450683594,62259500,29.742042719988092,157.32065186251074,-6.299545963654225,155.53909246811855,0.0
2025-04-07,146.75,152.85000610351562,140.52999877929688,141.5500030517578,76794100,34.05863276879994,155.69439772981676,-6.6761558129285845,153.78127397449484,0.0
2025-04-08,144.6999969482422,152.24000549316406,143.02999877929688,151.22000122070312,52200200,27.41820798786479,154.00295145572835,-7.0586719689056565,151.9650185692443,0.0
2025-04-09,158.7100067138672,159.5500030517578,143.91000366210938,144.4199981689453,70406200,46.30933399424456,154.72711380313433,-6.160315791072492,153.3140161981689,0.0
2025-04-10,152.82000732421875,157.72000122070312,149.92999267578125,156.5399932861328,48022000,40.70870233278477,154.43371280637808,-5.856129953014829,153.21521442337888,0.0
2025-04-11,157.13999938964844,157.6699981689453,152.82000732421875,152.89999389648438,33636200,41.32368099034908,154.85006458841968,-5.206456439881038,154.0001714166328,0.0
2025-04-14,159.07000732421875,161.72000122070312,157.55999755859375,160.0,30333000,40.39137933410541,155.49928654777338,-4.484159391336078,155.01413859815,0.0
2025-04-15,156.30999755859375,159.64999389648438,155.2100067138672,159.1300048828125,27551500,42.331290804877455,155.6240113186688,-4.087327332995045,155.27331039023875,0.0
2025-04-16,153.3300018310547,155.88999938964844,151.50999450683594,153.10000610351562,28170100,42.21289963289304,155.27108678211277,-3.9675602532096548,154.88464867840196,0.0
2025-04-17,150.87530517578125,154.67999267578125,148.5,154.2100067138672,15050291,46.66243292272504,154.594812688831,-4.024327542080954,154.08277997787783,0.0
