Ticker,RSI,MACD,Signal_Line,EMA12,Signal,Prediction,Model_Accuracy
MMM,35.973158564777904,-4.410780033882702,-3.6608638125646356,135.3741338271954,No Signal,Down,0.541
AOS,42.12873793045433,-0.9063198377279917,-0.9540620327407173,63.646520458386775,No Signal,Down,0.676
ABT,51.426329141647344,-0.3593195253891679,-0.7687270278940903,127.76748337616618,No Signal,Down,0.405
ABBV,24.392362984313905,-8.054857376538678,-5.893729108402681,180.78795947022053,No Signal,Down,0.757
ACN,38.30603051888337,-12.750280125708514,-13.307436318802937,291.2785567849975,Buy,Down,0.568
ADBE,32.49217228925255,-17.902738786195755,-18.155797596782175,356.75690349880654,Buy,Down,0.514
AMD,38.19819836332319,-4.194540698012801,-3.8699932038932854,92.50720778594054,No Signal,Down,0.514
AES,28.094307707411986,-0.4766954523200919,-0.2814882520013876,10.716975805512757,No Signal,Down,0.568
AFL,45.56057356476773,-0.1618493082532808,-0.17382387308092795,106.94628094967271,No Signal,Down,0.514
A,34.69057717969892,-5.988022105247737,-6.021959859007747,105.61401269081762,Buy,Down,0.622
APD,36.725477036034896,-9.595050788576657,-9.129419822480887,269.37294519622213,No Signal,Down,0.568
ABNB,42.03389185883413,-4.679716725594076,-5.011027590548563,114.85169436728992,No Signal,Down,0.568
AKAM,38.9909724355306,-2.8233108663267643,-2.915038197231876,74.9069782754762,Buy,Down,0.405
ALB,28.859650876639833,-6.161019461043516,-5.22903857785173,58.34767824294192,No Signal,Down,0.622
ARE,28.515405961379997,-4.998376604771778,-4.445761641900185,80.86624521142485,No Signal,Down,0.595
ALGN,59.172932141051824,-2.476276710655384,-5.085762694321153,163.60202034469026,No Signal,Down,0.622
ALLE,47.147067093104845,-0.7988861727711765,-0.8828981950755336,125.63411323774835,No Signal,Down,0.514
LNT,38.915457588861315,-0.533476794469351,-0.3555290034881946,61.30172040687216,No Signal,Down,0.514
ALL,37.991453961145275,-1.973178795427799,-1.414156182319939,194.93842797117998,No Signal,Down,0.757
GOOGL,46.9205389994305,-4.000596211766208,-4.78786814182734,154.6384959841624,No Signal,Down,0.622
GOOG,47.42857508237564,-3.9096313680846606,-4.705417617523118,156.8503761974489,No Signal,Down,0.676
MO,50.04557121192996,0.33135759620128624,0.3704529190117661,57.167622690541805,No Signal,Down,0.541
AMZN,38.61397087473086,-7.250286719291978,-7.010315550358246,181.0545856293051,No Signal,Down,0.541
AMCR,45.55160359748855,-0.13888421728465872,-0.16150542220982314,9.327500933665414,No Signal,Down,0.324
AEE,46.70020212385901,-0.04816127584433616,-0.06780761734702581,98.05038234835405,No Signal,Down,0.486
AEP,51.78826885155244,0.4487635825130383,0.31444900086288113,105.56893916200198,No Signal,Down,0.514
AXP,44.36064796891448,-6.824651938842635,-8.047273934905574,253.7061850248914,No Signal,Down,0.514
AIG,44.820379461831536,-0.04313883672242014,0.3607359887201512,81.76421752313938,No Signal,Down,0.432
AMT,57.55766440574623,3.1418492445991433,2.8936122776528945,215.32667348753222,No Signal,Down,0.514
AWK,53.03368975728682,2.0083975408113304,2.078854365548497,145.70581438175225,No Signal,Down,0.486
AMP,45.35116336798708,-10.147502574213263,-12.411833633807335,466.5653152350643,No Signal,Down,0.595
AME,36.36757477517759,-5.461672983598731,-5.5089474356602395,160.90216223354838,Buy,Down,0.676
AMGN,34.64801280097049,-6.381992902161755,-4.330832626421391,290.57582225728885,No Signal,Down,0.595
APH,47.038332723395875,-0.2714192961475419,-0.4624817209177913,64.73128673880264,No Signal,Down,0.514
ADI,37.96287836675621,-9.457031760147487,-9.16639553457559,182.08535221384793,No Signal,Down,0.514
ANSS,42.288815033208444,-6.783634875562768,-7.338802635693055,303.23831707391776,No Signal,Down,0.541
AON,35.43054071561342,-5.615456677044563,-4.349032036234925,377.3331422907559,No Signal,Down,0.514
APA,33.35639971699956,-1.4580734073034698,-1.3117922766861596,16.264769433572415,No Signal,Down,0.514
APO,43.1714456322173,-4.815551745095263,-5.493742938926863,126.54454259437105,No Signal,Down,0.486
AAPL,40.93430641489272,-7.773292165363841,-8.17645041843564,199.49111739934716,No Signal,Down,0.568
AMAT,45.34085796096062,-4.255740060415292,-4.965536840870226,141.3393451114037,No Signal,Down,0.568
APTV,35.15049874937884,-3.445145466478621,-3.122459257869215,52.69177593479141,No Signal,Down,0.514
ACGL,44.818985396215396,-0.174377748785858,-0.1705860459483394,92.0552330062067,No Signal,Down,0.459
ADM,49.81495468811105,-0.28832288623856783,-0.5285612583095929,46.017146933964895,No Signal,Down,0.595
ANET,40.95058101419346,-4.302195933429644,-4.873150148488508,73.38699297454576,No Signal,Down,0.514
AJG,43.26720957304255,0.6908796413020468,0.9802851632923764,331.481135148748,No Signal,Down,0.595
AIZ,36.8036582069045,-4.835252208938044,-4.1647978862175234,193.56091768996103,No Signal,Down,0.595
T,43.50223020044958,0.17829814111554043,0.23824319350213657,27.014023918162245,No Signal,Down,0.459
ATO,59.9451662934613,1.648472250633091,1.0335744040116708,153.1939069818515,No Signal,Down,0.568
ADSK,48.66633428187361,-2.8472704063211722,-4.200669531598937,259.1397755115949,No Signal,Down,0.595
ADP,44.96062985710398,-1.652996586909012,-1.818121201580996,295.5046413431994,No Signal,Down,0.568
AZO,39.034125103753475,6.61758522099808,24.52710305711947,3629.6739187888184,No Signal,Down,0.432
AVB,43.50300236495927,-3.7637367254766048,-4.2317643064027735,200.57793040518447,No Signal,Down,0.568
AVY,45.070143019778016,-2.950649786140957,-3.0529315422049876,170.62476938794012,No Signal,Down,0.486
AXON,55.58332374401939,2.2207718447699563,-3.0884777980006612,555.5050498329015,No Signal,Down,0.649
BKR,39.95179690724397,-1.5720340545634386,-1.512185706647597,38.837050735061986,No Signal,Down,0.514
BALL,37.03940405448276,-1.2008860866751903,-1.0617124673512954,48.126933950362165,No Signal,Down,0.568
BAC,38.41978635401806,-1.5038121537456774,-1.5738687665159679,37.594605494111825,Buy,Down,0.568
BAX,33.4016365677312,-1.4997989369489204,-1.2240275001672507,29.364116486977473,No Signal,Down,0.541
BDX,27.11084465327579,-7.412166735882664,-5.8664453081068375,206.7710282278113,No Signal,Down,0.432
BRK.B,,,,,No Signal,N/A,0.0
BBY,37.60644246936784,-4.441145171050451,-4.40359663682638,63.0069313818604,No Signal,Down,0.432
TECH,32.8271434802774,-3.3860006374225406,-3.1101071471004373,52.05432631928422,No Signal,Down,0.541
BIIB,30.64263606378198,-6.619596360561644,-5.93409069729021,120.92349144009331,No Signal,Down,0.676
BLK,39.911810726106395,-21.70752018612052,-21.78040700702207,883.2304735894713,Buy,Down,0.541
BX,44.93038952606359,-5.551607959595344,-5.9279953516292645,132.09432157548548,No Signal,Down,0.568
BK,38.06668417987994,-2.0276685218846353,-1.8392582099253674,77.80478412926283,No Signal,Down,0.486
BA,42.950695233706675,-3.3172140281320424,-3.9134408115511636,157.71982743774387,No Signal,Down,0.622
BKNG,47.955321015501774,-36.917855688205236,-56.38588860665847,4538.166577217702,No Signal,Down,0.459
BSX,42.749657342396425,-1.6625734513224444,-1.6434305489543628,95.20777832517746,No Signal,Down,0.432
BMY,16.76475887709306,-2.390866560116855,-1.581825070635863,52.439713483421,No Signal,Down,0.595
AVGO,50.88517019770267,-4.7571332983467585,-7.052954326099268,173.25940050349965,No Signal,Down,0.649
BR,48.755630825134496,-0.3319314204382522,-0.7585140567035913,233.5400026706422,No Signal,Down,0.432
BRO,39.13209019008434,0.14107058258504424,0.5354391788557183,118.60856703198672,No Signal,Down,0.622
BF.B,,,,,No Signal,N/A,0.0
BLDR,43.74896757462978,-4.656957964850349,-4.575033805250569,119.84440122615908,No Signal,Down,0.622
BG,55.317359170445016,0.6814517809248031,0.3483133456191563,75.81429141699687,No Signal,Down,0.378
BXP,44.23548001783519,-1.3196307641039269,-1.5731057812053097,62.811081072519606,No Signal,Down,0.595
CHRW,33.38877137377493,-2.4604654476819974,-2.0390579776397493,92.55837478341871,No Signal,Down,0.568
CDNS,51.63289846217784,-0.07796412713196332,-1.9068861427725334,256.48196300303596,No Signal,Down,0.514
CZR,49.42112933811413,-1.1784462763265893,-1.4766970181310841,25.35178607064619,No Signal,Down,0.595
CPT,36.874454644752134,-2.3831916432972235,-2.0195502149326283,112.20839920744736,No Signal,Down,0.568
CPB,41.25487152541177,-0.34920143609417664,-0.23309296943599112,38.010973790718936,No Signal,Down,0.459
COF,44.28267851047563,-5.10111817939196,-5.27202063275791,164.19139309620945,No Signal,Down,0.622
CAH,47.99065084789065,1.040085964230741,0.9947569893940174,132.770122288827,No Signal,Down,0.568
KMX,36.95652135959637,-2.927643987957083,-1.8812846259618428,69.8726243888559,No Signal,Down,0.595
CCL,41.081589635605965,-1.0194001745582035,-1.1389183451183251,18.177752625644207,No Signal,Down,0.405
CARR,42.12941955000945,-1.6658424001007646,-1.6471790555312562,60.33976023274898,No Signal,Down,0.459
CAT,35.89845216636965,-13.394191371052841,-12.957636980541942,299.15950946929377,No Signal,Down,0.432
CBOE,43.24261138067931,0.4852120863097582,0.6613139902641149,215.89660133379962,No Signal,Down,0.459
CBRE,35.59609634722632,-4.175327076084557,-3.895312227695098,120.00189592503574,No Signal,Down,0.541
CDW,42.423789527256154,-5.922712012168148,-6.259801197857076,152.55843260535283,No Signal,Down,0.541
COR,62.96965057482313,6.417162085658617,6.369630547453482,280.8691686874627,No Signal,Down,0.432
CNC,52.380951070330504,0.6842671836248044,0.771979789986321,61.86154216648611,No Signal,Down,0.622
CNP,57.9684709752459,0.5735407986575751,0.5725158347618707,36.590501704080516,No Signal,Down,0.486
CF,44.16862285309359,-1.5305512667361114,-1.7296219725995434,73.7040019259615,No Signal,Down,0.568
CRL,26.270374615695786,-16.088181295514474,-12.789505251846139,119.08827638751335,No Signal,Down,0.595
SCHW,46.63968684294981,-0.5068375109253651,-0.7639970687115553,75.66454670126117,No Signal,Down,0.486
CHTR,38.67028356554701,-7.258434938877372,-5.366013546341291,343.3686189650473,No Signal,Down,0.27
CVX,26.173601742211616,-6.40638550649183,-4.392816185687163,142.10658832218581,No Signal,Down,0.568
CMG,44.576053637887654,-0.7611529635998195,-0.820300934914777,49.002841210031235,No Signal,Down,0.459
CB,40.68668516059065,-0.7535120828379149,0.2980238050542572,286.34058972749006,No Signal,Down,0.541
CHD,41.99487040974994,-1.0860228206448426,-0.9541054819590244,105.04075811128492,No Signal,Down,0.378
CI,54.43147682593934,4.044709435506661,4.259352219897561,326.6621128090081,No Signal,Down,0.486
CINF,32.816952570137005,-2.9027605687219875,-2.1244441271138634,134.50713884039175,No Signal,Down,0.324
CTAS,52.423658703846876,1.6459925966139224,0.8423319727604213,203.51214434170794,No Signal,Down,0.432
CSCO,37.04352533559756,-1.3167128753771848,-1.2173185135459916,57.048190479957334,No Signal,Down,0.568
C,38.51394889493839,-2.7998564077611334,-2.9137948723616516,63.78903503785488,Buy,Down,0.649
CFG,36.8708956256387,-1.8876519649046273,-1.8543708321216674,36.39585419254723,No Signal,Down,0.486
CLX,38.367945002889,-2.5505203193793022,-2.3425610604992078,140.93016759029115,No Signal,Down,0.541
CME,50.3460568326295,1.3758455514712296,1.584255281532451,260.786790181983,No Signal,Down,0.568
CMS,45.13411077183192,0.04080137257692229,0.17556799308257282,72.58055653311126,No Signal,Down,0.432
KO,58.843306880980826,0.7439878446027706,0.595041539605075,71.29852452952119,No Signal,Down,0.595
CTSH,36.85924207053866,-2.795173586535853,-2.819181843367065,71.281260341198,Buy,Down,0.486
CL,57.407869767533974,0.8414832974223287,0.5415248914529909,92.75519962910933,No Signal,Down,0.378
CMCSA,39.1343047070069,-0.5300818412431028,-0.4006743067348029,34.350926216147016,No Signal,Down,0.649
CAG,39.730659623828984,-0.1404305968829469,-0.021443483152237482,25.701393143432842,No Signal,Down,0.622
COP,36.97217014549745,-3.3902055769545143,-2.6095629418744912,89.45087295230974,No Signal,Down,0.541
ED,57.510153599649804,1.9889512842633223,1.9541423957820159,109.92237941969283,No Signal,Down,0.432
STZ,53.65730168495521,1.2282797033460326,0.6285414436607082,182.93322035202982,No Signal,Down,0.595
CEG,50.49887603743921,-7.41695781878343,-10.698701977841964,204.41621270690547,No Signal,Down,0.541
COO,42.5052871546437,-1.8814858743641452,-2.366247016780122,78.21137008764703,No Signal,Down,0.649
CPRT,67.32975855037998,1.206959598972709,0.7504195372569029,58.2503887398767,No Signal,Down,0.649
GLW,37.30994277285622,-1.7262154306665067,-1.70912599049088,42.2163454081394,No Signal,Down,0.541
CPAY,38.79178213180804,-12.225398725027048,-11.866459798703314,313.1872627242228,No Signal,Down,0.486
CTVA,46.53725253008827,-0.6282140279209543,-0.6815901919214765,59.45593380962349,No Signal,Down,0.324
CSGP,50.653703595715065,0.3106715460299512,0.06638821441017766,78.29206850348866,No Signal,Down,0.73
COST,65.47937077640555,4.792917192109712,-3.264274492523789,961.9358581236744,No Signal,Down,0.514
CTRA,33.647066004136036,-0.6566585541106669,-0.5025536858931113,25.94908909145191,No Signal,Down,0.568
CRWD,55.1288469142325,2.310520030271732,-2.1197430005404687,369.31343961560094,No Signal,Down,0.459
CCI,49.9813462514218,0.6755795078548203,0.8600043976398017,100.26042611836624,No Signal,Down,0.459
CSX,41.269837942876414,-0.7716959804401959,-0.7977264204828425,28.06125594627755,No Signal,Down,0.432
CMI,36.61374770217615,-14.41780138947314,-14.545953846071175,289.85917067726916,Buy,Down,0.378
CVS,50.473788719293246,0.9544507877690904,1.0953715802165767,68.02424447400794,No Signal,Down,0.595
DHR,39.309804230984625,-5.779063789301688,-5.747525996459965,190.82265276116274,No Signal,Down,0.595
DRI,46.64810975578998,0.711411408293884,0.7400455815328673,197.25750429414592,No Signal,Down,0.514
DVA,38.322245669795834,-1.5139100787939412,-0.5648066577926789,147.6648350176761,No Signal,Down,0.595
DAY,41.33333227369503,-1.3057881481340061,-1.4941197625715745,55.144469105288906,No Signal,Down,0.541
DECK,45.317222119779885,-6.916987703271204,-7.86009789244459,108.03879570504374,No Signal,Down,0.595
DE,46.52719912558865,-5.164621670348993,-6.052272983526924,454.26854988529,No Signal,Down,0.432
DELL,43.93718923377402,-4.2025115853474375,-4.9740045498586065,84.09994755764457,No Signal,Down,0.649
DAL,44.33067702975622,-2.9899492057925983,-3.6003655866902617,41.0904454825136,No Signal,Down,0.568
DVN,35.87385029591479,-1.751672352793186,-1.439455272762387,30.386618364960924,No Signal,Down,0.649
DXCM,51.666000001225115,-2.188261698405185,-3.189701003725162,67.36714185029084,No Signal,Down,0.622
FANG,39.435124937238534,-6.6375179049264545,-6.076878349842467,134.32134628575596,No Signal,Down,0.405
DLR,60.57197888312089,-1.412636726465962,-2.800924813495521,145.75303569842015,No Signal,Down,0.432
DFS,50.45135839109708,-3.782231003811006,-4.403361465026111,159.61260068705005,No Signal,Down,0.649
DG,63.672886931342255,2.8329367492423643,2.9600908356297806,89.03277001130739,No Signal,Down,0.514
DLTR,58.223939376443646,1.2677985298356589,0.7023692907822501,73.05568007937032,No Signal,Down,0.622
D,43.564338539293445,-0.48781608657957776,-0.4990002758459353,53.256951737448574,No Signal,Down,0.459
DPZ,57.62118951193225,1.795136583243675,0.18196222571637993,460.65016114748914,No Signal,Down,0.541
DASH,49.117839867066806,-2.423902441927993,-2.9867874028481136,180.25309360777428,No Signal,Down,0.595
DOV,38.68224699883046,-6.486720217256703,-6.892679505172499,163.8462736258692,Buy,Down,0.649
DOW,34.87578399441304,-2.3885335636844545,-2.2099458621411587,29.273259283757838,No Signal,Down,0.514
DHI,44.8094648580918,-2.8263745794186548,-2.623321121744386,121.32674484535858,No Signal,Down,0.514
DTE,44.55659034890034,-0.09531089043514385,0.21849433356651987,132.47679981885997,No Signal,Down,0.622
DUK,55.37078146205845,0.8047086387168889,0.7021981186368459,119.58479649899184,No Signal,Down,0.622
DD,31.89992390489762,-4.765102277812659,-4.3778825674075925,62.321415593816624,No Signal,Down,0.676
EMN,36.11336309173865,-4.077338264830914,-4.003943533416033,79.18872479377812,No Signal,Down,0.486
ETN,47.56513470745874,-5.610588990004601,-6.82038041580646,272.2048927319195,No Signal,Down,0.432
EBAY,47.33095642556996,-0.3653572010182131,-0.6320275516043307,64.87316977140674,No Signal,Down,0.541
ECL,41.27549450283466,-5.103733040419428,-4.986501210272745,239.229173193598,No Signal,Down,0.459
EIX,50.271484995268615,0.18706729132264144,0.12457460925755703,56.362254465808235,No Signal,Down,0.514
EW,51.82997351780793,-0.16249408617568406,-0.3294035660365939,70.38860596003941,No Signal,Down,0.486
EA,52.065614650663164,1.3677919064266462,1.1478027933775996,142.35706032400276,No Signal,Down,0.541
ELV,46.1162523771943,5.044516389358307,6.8032844832666415,433.349575455369,No Signal,Down,0.568
EMR,39.84322577282859,-4.213708113407677,-4.2514430821510185,101.54003510046519,Buy,Down,0.622
ENPH,35.599112549137004,-2.5420938738222176,-2.1010207768168714,54.3065470579579,No Signal,Down,0.459
ETR,46.75765814833058,-0.35425591193224193,-0.42125456553133694,82.39744590926787,No Signal,Down,0.541
EOG,36.523059420778736,-4.74491341835882,-4.11444320090807,111.16636661917197,No Signal,Down,0.568
EPAM,34.013812465461,-12.579784065203995,-13.688970689489153,153.1283692109069,Buy,Down,0.622
EQT,44.468665416581786,-0.25745119822713747,-0.23718298156377804,50.40230870809355,No Signal,Down,0.514
EFX,39.51879008008095,-6.352807804020472,-6.285742274332455,223.82097917796074,No Signal,Down,0.486
EQIX,47.335246077179065,-21.766429988160212,-24.81073896608741,787.9701001589831,No Signal,Down,0.676
EQR,44.66954761796339,-0.9449708348062842,-1.104585489239223,66.91033162928954,No Signal,Down,0.568
ERIE,50.69300568309354,-0.25047002123551465,-1.323772700099646,411.3599716640659,No Signal,Down,0.595
ESS,35.96650922907732,-7.071922143763516,-6.045946383047205,275.6803617522948,No Signal,Down,0.568
EL,35.618604095623326,-4.061193486317883,-3.807714637438698,56.24953320286366,No Signal,Down,0.486
EG,43.35024342044597,-1.6564288192623735,-1.3003524985555075,349.18413153756296,No Signal,Down,0.459
EVRG,52.17013808404252,0.17135325934729906,0.08898432316214093,67.14194813243738,No Signal,Down,0.486
ES,38.915670901283534,-0.8844314451437114,-0.7750803237657218,57.95593596205867,No Signal,Down,0.514
EXC,63.52065779376469,0.8260957381063392,0.7173238556900675,45.957290450779276,No Signal,Down,0.432
EXE,43.19634327779318,-0.21993114399205638,0.04428914969118932,104.6527492595827,No Signal,Down,0.568
EXPE,38.85601043656779,-7.004081741946152,-7.462633536481876,153.31861980042106,Buy,Down,0.514
EXPD,34.57987128802803,-2.596063986112398,-1.9356712662324087,109.98284462584678,No Signal,Down,0.568
EXR,45.468008741647985,-3.0107843667530574,-3.436684936308934,138.48694428797256,No Signal,Down,0.595
XOM,35.795003740507624,-2.3294843575315554,-1.6748045261743938,106.16521515249191,No Signal,Down,0.541
FFIV,47.18812475758714,-4.15032279107885,-5.355149922780788,259.4019862940333,No Signal,Down,0.405
FDS,41.85242992961924,-4.958179111470315,-5.658834446554616,428.57977635706044,No Signal,Down,0.622
FICO,55.70822121527313,17.435283403099675,4.328923508232271,1864.6502857495148,No Signal,Down,0.432
FAST,61.86923653240866,1.2427732076828022,0.6235158978275331,78.70519233267063,No Signal,Down,0.459
FRT,46.71010196204719,-1.946874838834006,-2.475430966208558,92.00164669214519,No Signal,Down,0.541
FDX,33.00497330243314,-11.256797703314533,-10.388903228755659,213.31483433238063,No Signal,Down,0.568
FIS,51.572540268471094,-0.42652553120366576,-0.418841060785547,71.57737191402038,No Signal,Down,0.568
FITB,35.80409361892495,-1.5628922751490038,-1.5078140788103194,35.176212870086104,No Signal,Down,0.568
FSLR,50.503819589396464,-3.187213608503356,-4.0227450816285515,127.43791139170014,No Signal,Down,0.432
FE,62.06897847699386,0.3914730059274163,0.1557824434847221,40.49160617936428,No Signal,Down,0.568
FI,44.95201905214427,-3.096002660147491,-3.299549820784157,210.2290986489474,No Signal,Down,0.568
F,48.98419699336432,-0.0807301588241458,-0.06564357489125197,9.516238093596703,No Signal,Down,0.459
FTNT,49.44299455616782,-0.9863401024017122,-1.647061204356697,95.95347160393322,No Signal,Down,0.595
FTV,36.817033988970266,-2.914703728356713,-2.8133699608943794,66.73476620411165,No Signal,Down,0.514
FOXA,35.55555772917245,-1.4480689028059714,-1.0467827104155416,50.06069549061014,No Signal,Down,0.514
FOX,36.458799427222154,-1.3842731076255959,-1.0518051466104792,46.41471188868421,No Signal,Down,0.324
BEN,40.259740617182594,-0.4944653936455765,-0.46358057830645794,17.98752255834686,No Signal,Down,0.486
FCX,37.98127293571691,-1.4632547840770869,-1.37025275933755,33.57859375055261,No Signal,Down,0.541
GRMN,37.063639046408554,-6.869945692108928,-6.736366120552723,192.74627710097872,No Signal,Down,0.541
IT,43.6153807690854,-16.091313936466975,-19.332628437663367,404.0736951662347,No Signal,Down,0.622
GE,38.0688507201177,-4.820527577381341,-4.4743786621194825,184.80521483559312,No Signal,Down,0.541
GEHC,27.067084795459976,-5.829582193435684,-5.383539910998531,65.68564629246666,No Signal,Down,0.568
GEV,55.708972883218564,-0.1739049510557038,-3.782472881210939,316.93375280830185,No Signal,Down,0.595
GEN,38.072296299836935,-0.7727876606827095,-0.7046423470541815,24.89297454509762,No Signal,Down,0.432
GNRC,36.44859674778592,-6.34079252044512,-6.272200142037213,114.28149867445626,No Signal,Down,0.486
GD,56.03546522052665,3.956881001566046,2.769838524827755,271.08509569699794,No Signal,Down,0.351
GIS,46.53905990562965,-0.5305584182218936,-0.4694071656485826,57.86015767701606,No Signal,Down,0.622
GM,42.94314033087594,-1.1293577118694884,-1.0194797701352922,45.0040690057607,No Signal,Down,0.649
GPC,43.85718174102409,-1.9723943688269259,-1.872866442246527,114.70642932996223,No Signal,Down,0.514
GILD,35.08843947325474,-1.1725176743359924,-0.6995723486101872,105.91732938807027,No Signal,Down,0.703
GPN,25.876894952059175,-5.335767220355578,-4.035140351675279,84.71272595391709,No Signal,Down,0.486
GL,40.171299411056104,-1.3255479512552597,-0.9222733200645626,121.91065410017916,No Signal,Down,0.486
GDDY,42.526309364720404,-2.6797460404488618,-3.0008892434871655,172.60716353949124,No Signal,Down,0.595
GS,42.99228939946954,-19.674517498752436,-21.555183298011244,507.9691437412242,No Signal,Down,0.541
HAL,40.902582995277676,-1.035622920526336,-1.0523789690464151,21.93466166302877,No Signal,Down,0.514
HIG,42.59383593936164,-0.36073781380666503,-0.1041627284545597,117.21790489051907,No Signal,Down,0.541
HAS,35.46852155185594,-2.471644167899896,-2.100070915717468,54.043177198220064,No Signal,Down,0.459
HCA,44.18037506352651,1.7928690330032282,3.0076082342745503,335.6307108587102,No Signal,Down,0.595
DOC,35.2921585363074,-0.4225173256884034,-0.39486777304327597,18.72925086276221,No Signal,Down,0.622
HSIC,39.92750697154724,-2.0680610163765465,-2.056235378219352,65.3248503209348,No Signal,Down,0.514
HSY,45.844977767161474,-0.7675489057563141,-0.9040000308398705,166.09985059263113,No Signal,Down,0.514
HES,28.256446034932736,-6.059296832731889,-4.088956335258416,134.38189427626654,No Signal,Down,0.541
HPE,46.7980319171726,-0.7071929141642261,-0.9648946877417065,14.623251805879288,No Signal,Down,0.541
HLT,39.39688361169235,-8.2849671100889,-8.591674112589054,213.73232568953276,Buy,Down,0.514
HOLX,37.399471107123695,-1.4952753645949812,-1.3037146112854765,58.72566655090488,No Signal,Down,0.432
HD,48.392471177266835,-5.182763949101002,-6.150967702368201,353.651115246662,No Signal,Down,0.459
HON,41.17874679708601,-4.0740577932261886,-3.7224391899199953,198.40604739058074,No Signal,Down,0.486
HRL,53.93889551331165,0.23151825862978725,0.19847019182446402,30.091253136693368,No Signal,Down,0.541
HST,46.44713313410298,-0.4366623490474826,-0.4949672955205042,13.696802718847977,No Signal,Down,0.541
HWM,44.154900302124815,-1.4305344607777641,-1.3137031173556712,124.69949695243577,No Signal,Down,0.378
HPQ,35.30685868872452,-1.6510404689801383,-1.6874496535972658,24.29468360640138,Buy,Down,0.541
HUBB,53.16248224037389,-3.1557292923253044,-5.9409039400345485,339.9338053391349,No Signal,Down,0.432
HUM,49.94383392122553,4.595576683054958,4.136261559060853,277.15794624427156,No Signal,Down,0.541
HBAN,41.463413570410616,-0.5326932045337145,-0.5612549346386624,13.509989402242011,No Signal,Down,0.514
HII,59.787110939272154,5.9964639367853465,4.176304846428604,208.7686416308444,No Signal,Down,0.541
IBM,46.2505379492317,-3.158397982740354,-3.645977252493145,237.88621241419116,No Signal,Down,0.541
IEX,33.72984145432828,-6.019413717124536,-5.852611154886476,169.02718910555177,No Signal,Down,0.486
IDXX,48.66365488396691,-7.0928122867432535,-9.199351718497452,401.6752092420998,No Signal,Down,0.595
ITW,40.89501086161036,-6.522870638434341,-6.407270778407096,233.4837408804529,No Signal,Down,0.568
INCY,43.727036727619044,-2.232238415068686,-2.4116010274671518,58.86507954513228,No Signal,Down,0.541
IR,38.17134971295858,-3.062413867359652,-3.124494245943926,73.26062034783851,Buy,Down,0.622
PODD,44.020818397881214,-3.636198146760762,-3.0254545058573385,254.45157069734307,No Signal,Down,0.541
INTC,35.023779886574744,-0.9238902066920787,-0.675005179493757,20.242022465414173,No Signal,Down,0.486
ICE,27.907603132142725,-3.297963828776375,-2.655626954976194,160.29022756575347,No Signal,Down,0.541
IFF,42.877595295666076,-2.127222755060089,-2.119668474965262,73.11215373970026,No Signal,Down,0.649
IP,33.428983521094494,-1.8414981054494532,-1.5353349473911404,47.904279324921305,No Signal,Down,0.541
IPG,39.982942798210374,-0.7002837828343687,-0.6551407804427548,24.532959648284226,No Signal,Down,0.541
INTU,46.79062718290024,-3.4643038591545974,-3.483251643634304,587.6201533378293,No Signal,Down,0.486
ISRG,47.78265004658689,-10.039335461531948,-12.159220642453443,487.94100951896513,No Signal,Down,0.568
IVZ,34.17218387453633,-0.8866396889719272,-0.8484003848502399,13.291619672178623,No Signal,Down,0.514
INVH,45.385437712738764,-0.09567182883602499,-0.08986857989422585,32.88325733863019,No Signal,Down,0.541
IQV,29.127175971773127,-10.699325249790235,-9.615030317031087,153.64588084312692,No Signal,Down,0.568
IRM,48.58144799461443,-1.6178863320206887,-2.0914887766498844,83.27070274293973,No Signal,Down,0.568
JBHT,38.50550828589753,-6.6219174690525335,-6.004338414730265,135.32558807835963,No Signal,Down,0.378
JBL,49.192303820379585,-2.886982778387619,-4.11720345436983,133.08191796464646,No Signal,Down,0.432
JKHY,41.70349959306186,-1.2468412995938536,-0.7851528925628455,173.29713265991023,No Signal,Down,0.459
J,44.13489578602249,-2.157179686211009,-2.476173259275293,117.26790615774425,No Signal,Down,0.595
JNJ,43.007615371909814,-1.9367093128219324,-1.9985308732234204,154.72548627405754,No Signal,Down,0.568
JCI,45.280525144278705,-1.2419326965255948,-1.3421387190854364,77.45314434518579,No Signal,Down,0.541
JPM,44.750670118882006,-3.7552007288983873,-4.647784896398245,231.63334151694679,No Signal,Down,0.73
JNPR,33.20827610688886,-0.39770006856564066,-0.33494501489931067,34.809556162045986,No Signal,Down,0.568
K,47.89920276451902,0.02778839122025545,0.03393492141324641,82.28004963482853,No Signal,Down,0.351
KVUE,46.918474666763736,-0.07684225006524414,-0.09058329978297704,22.738120873254896,No Signal,Down,0.541
KDP,61.89111716531904,0.5466727265663422,0.48737373381191407,34.863322464017735,No Signal,Down,0.486
KEY,38.32061646652859,-0.5867241273755752,-0.5917261747228456,14.329828146066802,Buy,Down,0.486
KEYS,37.98287622752185,-6.155809759994298,-6.3465899811751045,137.70428729987253,Buy,Down,0.622
KMB,53.28534168269652,0.5183223104486387,0.30997391007445135,140.01153274652657,No Signal,Down,0.297
KIM,47.34374944120658,-0.26066482740183616,-0.3333625178081716,20.235340419393765,No Signal,Down,0.622
KMI,41.82753535101613,-0.17836776163175827,-0.16871000300833247,26.86223694236892,No Signal,Down,0.622
KKR,42.1505679203274,-5.518678209858237,-5.9860656899020475,104.72072587733349,No Signal,Down,0.351
KLAC,44.67118516955014,-14.431274407350998,-15.317612540391949,656.0813072497368,No Signal,Down,0.432
KHC,45.44392093861167,-0.23549705434584922,-0.2220513219924423,29.355562414807075,No Signal,Down,0.514
KR,62.54180431328654,1.087563423840308,0.8516935727042787,68.29579123304168,No Signal,Down,0.486
LHX,61.77198216022174,2.642145789876622,1.4464520246813013,215.22367806343777,No Signal,Down,0.459
LH,40.81719237868732,-5.1756625647701355,-4.732237592990529,224.6826258253225,No Signal,Down,0.622
LRCX,39.74507393571949,-3.014714706589942,-2.9665734459104343,67.16544450219118,No Signal,Down,0.514
LW,49.02217067433784,0.06165647958090403,0.17728011985792333,54.49022059921981,No Signal,Down,0.568
LVS,34.208987989380304,-2.8391109295067736,-2.7254025130546657,33.73583774617091,No Signal,Down,0.432
LDOS,58.20073333685077,1.3060498168347578,0.8929698234376201,139.01441552029726,No Signal,Down,0.541
LEN,37.5541189433951,-4.263714576575779,-3.9405957618409135,107.13280825045017,No Signal,Down,0.595
LII,50.88856722187466,-9.13562617222533,-11.378720904961277,553.3704818570574,No Signal,Down,0.73
LLY,52.437492891736305,-19.93222483358295,-24.60651840522705,771.0546254406277,No Signal,Down,0.486
LIN,47.50304041959317,-3.09926370704693,-3.4788228220630977,447.1233336631424,No Signal,Down,0.432
LYV,52.264737821929536,-0.9246815011442777,-1.5409191290334245,127.1050918306882,No Signal,Down,0.595
LKQ,51.74050150611181,0.14695687223717613,0.14284180924884587,41.53156028236273,No Signal,Down,0.622
LMT,60.45542747067948,4.4275011245536575,1.581208409736653,462.19377215823556,No Signal,Down,0.703
L,38.55421647194309,-0.4816075191207432,-0.16441007588196727,85.89632992669081,No Signal,Down,0.514
LOW,42.69313829715463,-4.716666255552781,-4.681736663726089,221.4298556319004,No Signal,Down,0.514
LULU,34.052578476623,-22.37358672045241,-22.161521037114014,264.85335127142986,No Signal,Down,0.514
LYB,32.128191751626616,-4.544523384248436,-4.131363067159687,59.10540864857251,No Signal,Down,0.649
MTB,37.2522384776465,-6.07665469500958,-5.818408767237878,162.5594298126457,No Signal,Down,0.486
MPC,38.04727732280747,-5.772397274585103,-5.221313246007299,127.96342512715813,No Signal,Down,0.676
MKTX,58.63982598641349,3.279161525545163,2.1566269937079783,217.92621748357845,No Signal,Down,0.405
MAR,39.63537453852566,-9.431985136335385,-10.102594413212937,224.86222130341022,Buy,Down,0.622
MMC,32.816899004822304,-1.294108577422179,-0.02159481436138505,230.86387948524964,No Signal,Down,0.595
MLM,56.12367768644494,1.2520695753499922,-1.8359528020592886,486.85498345567964,No Signal,Down,0.541
MAS,35.688338113127585,-2.923727759485608,-2.7794089043503614,63.13270569803057,No Signal,Down,0.541
MA,42.74865825910797,-8.411466358176654,-9.1028820011757,514.9673898546582,No Signal,Down,0.432
MTCH,42.98335045044165,-0.7734097255710566,-0.7888962339608506,29.06902337638341,No Signal,Down,0.622
MKC,37.37074014850563,-1.3908414775930993,-1.0433659941861455,76.25434953495548,No Signal,Down,0.622
MCD,53.55994328987863,1.396048518401244,1.1923219867344343,309.29318459322485,No Signal,Down,0.459
MCK,59.09946903305224,12.522770096766408,12.258848135694326,684.7461968850092,No Signal,Down,0.622
MDT,38.35109755089146,-1.9610995538844236,-1.6802562397022298,84.1233449514733,No Signal,Down,0.514
MRK,27.128312686325742,-3.6214546774203455,-3.0155597653830055,80.61596047451641,No Signal,Down,0.459
META,35.97047593290411,-28.29098547607248,-25.69012388447105,534.7010603015539,No Signal,Down,0.514
MET,39.804635254943214,-2.680848631751161,-2.4701059086334554,73.59194534218405,No Signal,Down,0.622
MTD,35.15123153326658,-56.968255557457724,-54.02368785412484,1056.7196668136087,No Signal,Down,0.568
MGM,45.05419725887127,-0.9566738222268043,-1.1356000839531368,29.094134975847744,No Signal,Down,0.514
MCHP,35.75843026520285,-4.152513986946779,-3.967442691085824,40.69196414205706,No Signal,Down,0.595
MU,33.198519578478766,-6.673241963973496,-6.04991492525052,73.49899251289283,No Signal,Down,0.568
MSFT,45.02168739544734,-4.2556325870998535,-4.878107623243253,377.57212865344303,No Signal,Down,0.649
MAA,41.36844090873006,-1.7470618347319373,-1.466181385510222,156.0960571669121,No Signal,Down,0.514
MRNA,31.429394630997933,-2.0889961064035525,-2.0628817186075836,26.40348533153432,No Signal,Down,0.676
MHK,38.01779463123206,-3.628554457975838,-3.1263868297575863,105.25556017385745,No Signal,Down,0.622
MOH,49.67203165674739,5.972941332811615,7.962395300086864,334.36930630413616,No Signal,Down,0.595
TAP,42.15168361302163,-0.02185314209773992,0.2642999667094224,59.856000497327116,No Signal,Down,0.595
MDLZ,50.2295070813253,0.7341147574690012,0.7756278723885133,66.63140438158773,No Signal,Down,0.514
MPWR,43.69573788464985,-22.55760431499266,-24.5444515472783,532.3818664280948,No Signal,Down,0.541
MNST,52.24856605742757,0.8207879634999529,0.9922201903232379,58.00037727752186,No Signal,Down,0.541
MCO,39.16962882596405,-11.71622958377344,-12.090389682225632,432.12772490279394,Buy,Down,0.622
MS,43.995310028984555,-3.735548088319277,-4.207830442716258,109.46392986239076,No Signal,Down,0.459
MOS,50.09452013947805,0.06381776822135166,-0.13248138890958008,26.007009027362542,No Signal,Down,0.351
MSI,44.163284701682876,-2.376004196990948,-3.3223683328804783,421.36370051553075,No Signal,Down,0.649
MSCI,47.08107738869614,-6.1065381721804215,-7.854999623712674,544.4698338627768,No Signal,Down,0.514
NDAQ,45.02005605284744,-1.3484207983011487,-1.5132252255758012,72.22759288511185,No Signal,Down,0.514
NTAP,42.91251794428901,-4.377009308296664,-5.130900060009909,83.17275688861766,No Signal,Down,0.595
NFLX,56.683732626539104,1.0187249828336462,-6.809893192893026,939.6665110347737,No Signal,Down,0.297
NEM,68.7969974104304,2.420872711880243,1.6329343410386183,51.81541348856988,No Signal,Down,0.568
NWSA,45.700826113563885,-0.42825746680257026,-0.5037375457800463,25.958826793581455,No Signal,Down,0.486
NWS,51.774530728615005,-0.31592062405969656,-0.48473043186521986,29.841612015139972,No Signal,Down,0.405
NEE,39.872801137093184,-1.1904133811835038,-0.9989236753819988,67.28529319898945,No Signal,Down,0.405
NKE,38.51082660678006,-4.584066276273198,-4.524513933703087,57.06414872887819,No Signal,Down,0.568
NI,45.93550559209458,-0.0885550770319199,-0.1309173371283719,38.90017720940668,No Signal,Down,0.541
NDSN,37.03996449479045,-7.080889348988791,-6.92662580855778,184.8777126868462,No Signal,Down,0.541
NSC,43.47666877762971,-5.5845750103648015,-5.713941070405427,219.81370423629056,No Signal,Down,0.622
NTRS,37.88667270529761,-3.7278350245533716,-3.695584478313154,90.1502785058387,No Signal,Down,0.568
NOC,62.75788219194272,12.996579754760546,10.279161570002248,521.5446329523102,No Signal,Down,0.459
NCLH,36.46138523111734,-1.3437563346168666,-1.4058386761446227,16.886980248859057,Buy,Down,0.378
NRG,52.493442637488634,-0.45694558374439964,-1.224800489677481,95.42504509697322,No Signal,Down,0.486
NUE,39.41336632489495,-4.953495058549706,-5.0082347878214435,112.03089531987688,Buy,Down,0.324
NVDA,43.67656132762788,-3.2982989847193522,-3.7379522103239298,107.04913222781303,No Signal,Down,0.459
NVR,50.166964213180904,-55.7591496626801,-68.18656547401692,7150.527127635936,No Signal,Down,0.676
NXPI,41.46795478388273,-10.323381026704624,-10.486769203262813,173.98489427941598,No Signal,Down,0.432
ORLY,47.5924119573315,9.816901763147825,12.33654885396623,1382.3239987638221,No Signal,Down,0.595
OXY,32.033094972416336,-2.61226859126743,-2.2070330632213797,40.18923423848064,No Signal,Down,0.541
ODFL,42.444866060857336,-5.555085515737915,-5.461612885963982,155.62401332373386,No Signal,Down,0.595
OMC,39.807803222919645,-2.0346963935511866,-1.8700892433943743,75.1227820054799,No Signal,Down,0.568
ON,38.50364686582828,-2.908467438726227,-2.9407608053797474,36.27457374736053,Buy,Down,0.622
OKE,34.053639721933436,-3.6511951930316684,-3.2607865678039882,86.34877813715592,No Signal,Down,0.432
ORCL,39.9871849870276,-6.340198104278386,-6.486170049634808,133.9020259270837,Buy,Down,0.541
OTIS,43.47509325970363,-0.876788156116703,-0.7845156167848913,97.75243232577706,No Signal,Down,0.486
PCAR,37.25203354084932,-3.691651192247761,-3.439618948246024,90.6012245275648,No Signal,Down,0.541
PKG,42.869401814505245,-4.009693221796738,-4.361492448255524,188.78477264165036,No Signal,Down,0.459
PLTR,56.95004650522122,1.2242687259376055,-0.14863303011892742,89.83301782179593,No Signal,Down,0.595
PANW,45.90270428644607,-3.6676662735723653,-4.614029840033359,168.90058057886782,No Signal,Down,0.541
PARA,41.24292826431319,-0.1954237345923442,-0.12876915616856086,10.999875942267485,No Signal,Down,0.541
PH,42.97040865770839,-19.32926750985405,-20.012888512413813,569.9727412928918,No Signal,Down,0.622
PAYX,42.62334274199768,-0.6971702099161519,-0.519362051596019,146.4201665351084,No Signal,Down,0.541
PAYC,48.827130930339045,0.3357290291982622,-0.26523134472634463,214.30183679240326,No Signal,Down,0.514
PYPL,42.35163666417978,-2.6841532169353783,-2.8596259229026892,62.1668591842954,No Signal,Down,0.405
PNR,39.735964859194716,-2.4458463166985496,-2.5284488961642504,81.98254015310935,Buy,Down,0.514
PEP,40.42298264170291,-1.7260754474357611,-1.25859260702567,144.4582887526933,No Signal,Down,0.514
PFE,27.591238111785685,-1.0214716119175797,-0.9096407576316312,22.730006499017854,No Signal,Down,0.486
PCG,53.25669350108254,0.11619635416125362,0.08960149210219429,16.94061072032775,No Signal,Down,0.514
PM,59.73868467347583,2.3722269621002283,1.7817361120069313,156.8458337508613,No Signal,Down,0.541
PSX,29.695332778401863,-7.4465679565034435,-6.399248104084257,102.21392257611481,No Signal,Down,0.459
PNW,50.88049964396146,0.3403038051821312,0.24259647888779204,92.89482491445506,No Signal,Down,0.541
PNC,34.98437155292744,-6.9639787727301155,-6.712603072826269,155.9400658027212,No Signal,Down,0.568
POOL,45.686129513750224,-7.232655684260749,-7.296407217934513,309.41793557507225,No Signal,Down,0.568
PPG,41.89515517672445,-3.5518564348984967,-3.4552064593704075,101.27039096271477,No Signal,Down,0.568
PPL,50.08519703194596,0.18422921421093008,0.139523168623676,35.04671934117177,No Signal,Down,0.432
PFG,35.05747726424258,-3.1551644219751864,-2.5423578264782467,74.7061554062373,No Signal,Down,0.405
PG,53.403148262655606,-0.3505544931914244,-0.8922589222026919,166.97704398966826,No Signal,Down,0.432
PGR,41.93155802661702,-0.49767144370252936,0.017703350239791193,272.5203025885333,No Signal,Down,0.514
PLD,40.54360341389041,-4.074285825343722,-4.389987380360035,100.4536717760625,No Signal,Down,0.676
PRU,37.092059091588986,-3.1973524010110594,-2.793814042343792,101.42729168130373,No Signal,Down,0.486
PEG,54.934405945441796,0.3053743687858912,-0.050900418882022125,82.09780682852222,No Signal,Down,0.459
PTC,38.18334476031099,-4.790844446262838,-4.87709854518743,146.66734158327418,Buy,Down,0.459
PSA,51.0783888781866,-2.529762478865166,-3.7112315888669825,287.8110876053447,No Signal,Down,0.649
PHM,40.811907883176744,-2.9190367708330456,-2.543056901392517,96.35083524374699,No Signal,Down,0.676
PWR,57.11452647495915,0.6915636293300622,-1.741155995783488,264.5305185304621,No Signal,Down,0.514
QCOM,39.122189593058266,-5.742263416543494,-5.682411931088886,139.3864458249379,No Signal,Down,0.568
DGX,45.562776285190665,-0.7523835468306856,-0.7033454498344309,165.25800950129013,No Signal,Down,0.324
RL,46.432460588183254,-9.253265850268093,-10.357144492636365,204.8892009735643,No Signal,Down,0.432
RJF,44.865104489441514,-3.3073419858002637,-3.9738275893124237,134.06643046418657,No Signal,Down,0.541
RTX,45.74691303951007,-0.44391795447924665,-0.5382589909913141,128.12820939385307,No Signal,Down,0.541
O,57.63679312022388,0.1998856926941599,-0.0935722842336697,56.155221246976936,No Signal,Down,0.622
REG,47.05882789292744,-0.6571954438493037,-0.7877263483989815,70.38166723673531,No Signal,Down,0.459
REGN,32.1908370398736,-31.159824046979224,-29.549354303515127,575.1845092128704,No Signal,Down,0.541
RF,37.11843723217945,-0.8185578828148934,-0.8071272630210837,19.61077273533104,No Signal,Down,0.459
RSG,55.0696397017715,2.9049893058232215,2.697633986849009,241.21520608944041,No Signal,Down,0.649
RMD,44.71508213269708,-3.743382556217398,-4.052668686919013,214.03825610964196,No Signal,Down,0.568
RVTY,36.22768866679767,-4.607129705260974,-4.20066600197248,96.85502407766225,No Signal,Down,0.541
ROK,36.23534980342012,-10.567412627244067,-10.31747090134493,236.22836813830793,No Signal,Down,0.514
ROL,59.32783873822984,0.9125344816201562,0.7241935408087238,54.3494831646608,No Signal,Down,0.568
ROP,41.635037636917716,-4.630356301852203,-4.248776602500684,559.9233834044448,No Signal,Down,0.568
ROST,70.23640030074273,2.2853570412319186,0.8153565320637174,136.5689714291043,No Signal,Down,0.595
RCL,42.272962737669324,-8.23116439049511,-8.961167179793815,195.04577823983087,No Signal,Down,0.514
SPGI,37.73747501878195,-11.335069927134839,-10.791844844388176,470.3990669549855,No Signal,Down,0.432
CRM,35.819107296227344,-10.279273254903728,-10.745026311851937,255.508381361364,Buy,Down,0.541
SBAC,60.359448344661445,2.2058348349863195,1.262835674741157,221.38130480137053,No Signal,Down,0.541
SLB,34.01039248131708,-1.903280852165281,-1.6104238681674,35.44893930317214,No Signal,Down,0.486
STX,39.599451461305556,-4.677118281601238,-5.038051681775348,74.34980171542814,Buy,Down,0.541
SRE,53.1836927270821,-0.7230544279154145,-1.3309517686546386,69.24440771329766,No Signal,Down,0.541
NOW,46.55728495743218,-22.781913737314653,-29.13965154815039,791.1459321110185,No Signal,Down,0.595
SHW,46.997833363441494,-3.7820768022709217,-4.061706450295739,335.23038294885015,No Signal,Down,0.432
SPG,38.589271476590724,-5.641160244489669,-5.650515948837478,151.525505317326,Buy,Down,0.541
SWKS,40.03915339854917,-3.424430100702793,-3.4897711778902667,57.576744370243304,No Signal,Down,0.568
SJM,50.24651340801613,1.2023981869283489,1.3622103868200797,115.46172181270133,No Signal,Down,0.676
SW,42.38187176548552,-1.7301621918108907,-1.8412714868456237,41.69878512886986,No Signal,Down,0.621
SNA,40.05831511515583,-2.7384650703755256,-2.1820412902981143,326.44287004704006,No Signal,Down,0.27
SOLV,35.75982913857793,-2.5486397112023553,-2.2100877672138735,67.7461889935558,No Signal,Down,0.459
SO,52.30352611700173,0.45446892360205027,0.3451337863064168,90.19857498349775,No Signal,Down,0.432
LUV,26.042223772839776,-1.7850900741209017,-1.25950232180453,26.85454653342457,No Signal,Down,0.676
SWK,27.205878760295647,-6.458618972619533,-5.734484133535523,62.095675447774966,No Signal,Down,0.595
SBUX,30.124901222403693,-5.243537210778015,-4.857287424787754,85.76521158911353,No Signal,Down,0.595
STT,38.94733733436673,-2.9104892693344055,-3.006206470379545,81.51266333520142,Buy,Down,0.676
STLD,44.98256635183971,-2.2236362556838856,-2.3672444782862243,118.68594912015523,No Signal,Down,0.595
STE,49.348006239956135,-0.7573912946825772,-1.0059876503623513,220.6539822801775,No Signal,Down,0.432
SYK,41.90718475744395,-7.610071173175584,-6.868873214983447,352.7491698674868,No Signal,Down,0.514
SMCI,43.61356597261196,-1.8793565251264326,-1.824800879332276,33.42036654330242,No Signal,Down,0.622
SYF,42.42020806085864,-2.525431084921834,-2.7183891636958037,48.04179879684488,No Signal,Down,0.459
SNPS,43.04826136764947,-10.988709293971112,-13.053526474421037,418.0203695491395,No Signal,Down,0.541
SYY,44.61497385772307,-0.5270352055315612,-0.4980946990469293,71.35592980662666,No Signal,Down,0.541
TMUS,47.68393696720205,0.5541207385548432,0.27337841512374156,259.7889663888633,No Signal,Down,0.568
TROW,42.83840962023766,-2.9696982385144253,-3.310670798325975,87.55170080988368,No Signal,Down,0.595
TTWO,51.97662558580938,1.1853056968539022,0.5238602431517339,209.46701096464534,No Signal,Down,0.514
TPR,39.564254827091936,-3.137810232229427,-3.0096845766683766,65.1529329774472,No Signal,Down,0.541
TRGP,38.09767376462685,-7.230011377284626,-6.548738619399122,173.68517508352608,No Signal,Down,0.595
TGT,38.21029101102097,-5.599954558672678,-5.774346305663932,95.03871345765025,Buy,Down,0.568
TEL,37.612915921518855,-5.061098605608976,-4.920411547942228,130.76380930546492,No Signal,Down,0.459
TDY,37.431177752607944,-9.348984105443094,-8.875406927590289,466.70522691758043,No Signal,Down,0.568
TER,38.1256456698828,-6.671925331475563,-7.149296013079718,74.92623569936333,Buy,Down,0.541
TSLA,43.613961675018615,-9.177920606164662,-10.220948037990699,250.5481177868075,No Signal,Down,0.568
TXN,35.79504503419278,-9.32616533256396,-7.920873677931638,156.15608547473195,No Signal,Down,0.486
TPL,49.58129833446135,-19.787138659151196,-27.660078529095117,1256.1910365628496,No Signal,Down,0.541
TXT,36.13545493397075,-2.241716406867056,-2.2071509227200186,66.30450378523238,No Signal,Down,0.568
TMO,31.56772604961685,-23.260010588078842,-21.6384788335301,448.45788797940463,No Signal,Down,0.541
TJX,65.38083589558389,2.16454187576511,1.53276770188371,125.6514988255244,No Signal,Down,0.649
TKO,49.553242369387625,-0.916809479882545,-1.2694884914121056,147.67825284386757,No Signal,Down,0.324
TSCO,40.769654151776464,-1.008591835327806,-0.795492769212793,51.34408242719161,No Signal,Down,0.514
TT,50.53084563537939,-3.3003668516203675,-4.04928618693708,337.10307045221606,No Signal,Down,0.541
TDG,45.13630350597694,-5.306836689027477,-6.839936943364552,1329.56307851009,No Signal,Down,0.405
TRV,45.351929331634345,-1.2874388641568828,-1.2518035312119253,251.12281829354473,No Signal,Down,0.568
TRMB,35.7894907479909,-3.0073610278317204,-2.9233091797877737,59.963101598632676,No Signal,Down,0.541
TFC,35.80325678925311,-1.7671027979747365,-1.7351815197771503,36.857986407704935,No Signal,Down,0.514
TYL,46.831896234544985,-4.753307016899953,-7.4990463767892654,566.5329034594879,No Signal,Down,0.514
TSN,46.02739840561355,0.10374777277550606,0.1632055969923402,60.78034605971429,No Signal,Down,0.486
USB,39.06634574469083,-1.4664648975492511,-1.4937615789542493,38.68242286583067,Buy,Down,0.568
UBER,54.32441664517945,-0.036257627331238496,-0.5854688703382721,72.34634641572845,No Signal,Down,0.486
UDR,40.37732106998537,-0.7192558707462595,-0.6684731109378181,41.03429109987781,No Signal,Down,0.568
ULTA,49.452507840675224,-1.4498025038948867,-1.4687847895849453,357.4290842954368,No Signal,Down,0.595
UNP,41.47181305084913,-5.385790585349241,-5.323849525544855,221.45956816236492,No Signal,Down,0.622
UAL,46.09576895418059,-4.326739115406411,-5.497722668479332,66.2732328387534,No Signal,Down,0.595
UPS,33.43350456321096,-5.256190694789723,-4.914357510287957,99.0107881132362,No Signal,Down,0.595
URI,42.483463879427184,-15.047326684553695,-16.46944889794537,594.278560865265,No Signal,Down,0.568
UNH,38.28990224629704,12.39578375835174,16.377605378320357,547.7021109200123,No Signal,Down,0.378
UHS,38.306632553387715,-1.2209978086377475,-0.4132360928900769,177.45263647228262,No Signal,Down,0.541
VLO,32.32090003176185,-6.015657889072557,-5.121282090583334,112.85321279019846,No Signal,Down,0.649
VTR,48.596606722558484,0.1788005461153972,0.14561957098897374,67.01684663634967,No Signal,Down,0.432
VLTO,38.54428194785094,-2.378071685515337,-2.216110633069628,90.82813290990853,No Signal,Down,0.568
VRSN,45.74063063525969,1.999944520062968,2.5926312017251227,246.07231857130483,No Signal,Down,0.541
VRSK,48.843074789359854,0.14902894965428004,-0.21667151348256922,291.4516393374719,No Signal,Down,0.459
VZ,49.06485579596508,0.2903362391853648,0.27314235731476777,43.57721765306716,No Signal,Down,0.432
VRTX,47.78148796477448,-0.14566475879234986,-0.21268453531284115,487.77572159654875,No Signal,Down,0.541
VTRS,32.716034938053085,-0.5597136503981002,-0.5620544955019672,7.757968093793302,Buy,Down,0.459
VICI,53.16608375194723,0.08452246200053537,-0.03320183045785949,31.523340508077357,No Signal,Down,0.514
V,43.325258290099086,-3.036424353508096,-3.331673179734083,331.50973204265773,No Signal,Down,0.514
VST,47.65048227649675,-4.685400578224588,-6.048683500225593,114.19777169605291,No Signal,Down,0.514
VMC,58.63260441593714,0.08414909462661058,-1.460404469434525,239.03157283586793,No Signal,Down,0.405
WRB,41.5120468439728,1.2725161639153129,1.3339805054355962,67.83268751633487,No Signal,Down,0.595
GWW,55.841847895725095,-1.6127602827654073,-7.593916885049416,981.9889816617429,No Signal,Down,0.486
WAB,41.48635668206183,-3.793506394735971,-3.8623908509121687,172.3276114408808,No Signal,Down,0.432
WBA,39.285738614147355,-0.0391573394307958,-0.019786324993669713,10.864196528062816,No Signal,Down,0.541
WMT,62.46524406871781,0.6960526456641674,-0.4093955722107102,90.40713385047847,No Signal,Down,0.405
DIS,33.06080106320333,-5.078679562308238,-4.839929793296682,87.1692584609514,No Signal,Down,0.351
WBD,35.51282117117546,-0.6917939122304162,-0.5758347682564884,8.556447250599648,No Signal,Down,0.486
WM,53.04047753153312,0.9183154906481548,0.6568814364724563,228.81207858644018,No Signal,Down,0.432
WAT,37.518954319511465,-14.353619100205435,-13.301092591705242,331.0030691598746,No Signal,Down,0.486
WEC,52.77409354414765,0.586963302354448,0.47098716459916967,106.94920772034612,No Signal,Down,0.649
WFC,38.708457560646174,-2.486425084333405,-2.4543874516593256,65.11023428780014,No Signal,Down,0.595
WELL,40.24118707857878,-0.829164428752307,-0.7937628395263805,145.5484955404757,No Signal,Down,0.541
WST,35.68406175569024,-8.236548076460537,-9.174395355483512,209.62607714933597,Buy,Down,0.405
WDC,41.130767612235616,-2.4284076878431193,-2.7396960819999303,36.18240576510089,No Signal,Down,0.324
WY,29.806598382594913,-1.0532040722847569,-0.9217878144034475,26.440918374129897,No Signal,Down,0.649
WSM,39.23394749064728,-9.67491213597458,-9.67985481034447,146.24104793197773,Buy,Down,0.432
WMB,48.397976644351715,0.01412676108351718,-0.009930865631461873,57.59230299954481,No Signal,Down,0.486
WTW,39.638295629685636,-2.091285561774612,-2.150496810388484,322.7380457697752,Buy,Down,0.514
WDAY,39.11526403694509,-6.3744345038899155,-6.836471596850941,228.35175608929254,Buy,Down,0.459
WYNN,39.68339671382081,-3.145071231969496,-3.271224427848397,74.88050938326907,Buy,Down,0.649
XEL,51.42855775718107,0.1937875783073082,0.15137285968734387,69.48196057357869,No Signal,Down,0.568
XYL,35.80867062652774,-3.868728205243741,-4.025278371007625,110.63951354551449,Buy,Down,0.514
YUM,33.1437793643035,-2.715756914218474,-1.469578192668875,146.88954263111742,No Signal,Down,0.432
ZBRA,31.83712084122017,-20.32065131274851,-20.044682231525787,236.72951883440032,No Signal,Down,0.649
ZBH,15.508769703371627,-2.6679547905464034,-1.2485912807415165,102.44206481855397,No Signal,Down,0.459
ZTS,35.691632098014296,-4.4180636329165,-3.8084335449533655,151.5055019340751,No Signal,Down,0.595
III.L,64.18015482054892,63.094681172146466,-5.1961399187432225,3881.4483274196164,No Signal,Down,0.429
ADM.L,75.80872011251758,74.79182901963122,41.556681585367215,3071.7056757266773,No Signal,Down,0.536
AAF.L,49.699395794874206,2.4593004848687485,2.318657791614509,158.7037914197972,No Signal,Down,0.571
ALW.L,39.6103896103896,-28.2590436089979,-32.16773003735606,1117.5919831057438,Buy,Down,0.643
AAL.L,36.845127200533604,-89.82495356652316,-102.76157846306646,2006.5023177861585,Buy,Down,0.554
ANTO.L,33.246753246753244,-77.25241221776832,-80.00355065072898,1539.7071949890262,Buy,Down,0.482
AHT.L,36.61106233538192,-163.56560414824116,-187.16168144996576,3951.1640348371034,Buy,Down,0.518
ABF.L,72.29551451187335,56.675434405227634,29.964779373543454,2040.9288807622079,No Signal,Down,0.518
AZN.L,33.02679978980558,-396.8008963793709,-351.2198064175071,10411.835790476116,No Signal,Down,0.518
AUTO.L,63.62725395749803,5.481252598325341,-2.1144240122289752,767.0459673654785,No Signal,Down,0.393
AV.L,38.61190268668649,-6.223331733950658,-4.473408166598521,522.137005866856,No Signal,Down,0.5
BAB.L,50.66413662239089,7.190989910977692,6.5194394962115165,716.7372909233945,No Signal,Down,0.571
BA.L,65.34129927888307,51.660237398612026,40.65853455147121,1653.8630212155106,No Signal,Down,0.393
BARC.L,44.13892648379532,-6.86862190772797,-8.297268966018317,271.88748052549187,No Signal,Down,0.482
BTRW.L,55.9552940948892,0.33449750416752977,-3.4525429386432935,422.0157631249189,No Signal,Down,0.589
BEZ.L,48.62385321100918,7.275252039092834,4.846409512335651,896.2761949508642,No Signal,Down,0.5
BKG.L,67.3202614379085,55.539673190765825,17.309971142198016,3763.6175879848515,No Signal,Down,0.536
BP.L,26.337056491506218,-23.253095036104753,-20.02710832548651,364.01080680794706,No Signal,Down,0.46
BATS.L,53.15457413249212,7.269020226360226,2.712141092179077,3148.212278113751,No Signal,Down,0.536
BT-A.L,50.403219604096,1.6525590568543294,1.4972925559867232,162.89217999366994,No Signal,Down,0.75
BNZL.L,25.94670406732118,-121.85763546478711,-67.75677091449509,2794.2648129962895,No Signal,Down,0.554
CNA.L,50.874843869562234,0.528670096477299,0.2169413386488127,146.29804102809038,No Signal,Down,0.482
CCEP.L,51.00671140939597,34.62642246439282,22.61307820031109,6682.219513011209,No Signal,Down,0.446
CCH.L,61.904761904761905,81.98390160627696,61.03052535226124,3591.8392537015534,No Signal,Down,0.571
CPG.L,49.30555555555555,-25.999700552517425,-40.23362896889559,2519.080646843169,No Signal,Down,0.482
CTEC.L,46.31546277312733,-0.6782034881198626,-1.3915758989447062,251.56789117351863,No Signal,Down,0.464
CRDA.L,27.948810421044215,-110.85253700111207,-114.827841061733,2721.493998846257,Buy,Down,0.519
DCC.L,41.94630872483222,-101.56334114417496,-115.35181902692443,4914.0327691857765,No Signal,Down,0.607
DGE.L,52.66594124047879,-13.85028595417998,-25.96504062528801,2054.6238353383083,No Signal,Down,0.537
DPLM.L,47.5,-84.63351427200814,-113.54231800045947,3837.160519463547,No Signal,Down,0.554
EDV.L,72.47956403269755,104.11063809874668,66.2341680546755,1961.4215182313087,No Signal,Down,0.589
ENT.L,39.29646992790795,-31.04174666712754,-37.042086614437615,556.6186468983358,Buy,Down,0.464
EZJ.L,53.87930830367079,-5.512256473164882,-10.232406093536971,460.51017033772587,No Signal,Down,0.375
EXPN.L,43.285821455363845,-59.22359372306437,-76.16980153003658,3422.9877103699455,No Signal,Down,0.464
FCIT.L,35.067496085078446,-31.016125955656207,-32.21072182345999,1017.1854319606771,Buy,Down,0.589
FRES.L,57.72614133998445,43.56395712800713,31.790849933606427,976.5368999797597,No Signal,Down,0.411
GAW.L,55.03512880562061,-10.15968592241552,-139.81089794158422,13983.054706841653,No Signal,Down,0.5
GLEN.L,32.915508797819726,-16.374429398185498,-18.03184456821607,258.6456793268474,Buy,Down,0.647
GSK.L,31.553398058252426,-41.88431822869438,-35.7028670082285,1354.8549984384354,No Signal,Down,0.5
HLN.L,45.48077083903705,-3.391454460176135,-3.9910959942277398,378.08226598896687,No Signal,Down,0.571
HLMA.L,51.99089874857793,-25.332556670186477,-50.803159728444626,2588.8808334328564,No Signal,Down,0.429
HIK.L,42.07317073170732,-57.30450406234195,-66.58219439360964,1886.2522265509506,No Signal,Down,0.554
HSX.L,46.3963963963964,1.4649555815547046,-0.11745120355791022,1142.699995780979,No Signal,Down,0.571
HWDN.L,44.89369906724648,-12.084914352902842,-17.168118254719097,711.0969069254486,No Signal,Down,0.482
HSBA.L,31.89330539136337,-28.257334823943097,-27.9297915214772,784.7555349057192,No Signal,Down,0.625
IHG.L,32.18283582089552,-378.4868870523387,-412.0363710039896,7790.192295574965,Buy,Down,0.571
IMI.L,31.354313149248597,-71.97104616627803,-67.08879651315515,1728.0385898399172,No Signal,Down,0.411
IMB.L,61.48969889064977,46.90892951081969,31.31679500686952,2890.4049701286585,No Signal,Down,0.56
INF.L,33.66867886264977,-30.003510521751082,-31.400944230483017,701.6879080486501,Buy,Down,0.589
ICG.L,36.01286173633441,-104.53998977121455,-113.6215895306109,1774.3073162057028,Buy,Down,0.357
IAG.L,27.536229418708146,-15.530782437486948,-17.282114775530513,251.0806158427647,Buy,Down,0.435
ITRK.L,36.76470588235295,-148.91401923367357,-154.86183066301894,4535.782130956785,Buy,Down,0.554
JD.L,54.08602307112688,-0.8219005435766888,-1.9526058506591693,72.00091980831331,No Signal,Down,0.554
KGF.L,64.85061930878982,1.742495709003606,0.062201504466587954,257.9916825314644,No Signal,Down,0.482
LAND.L,56.078223709317825,-1.5091549176435137,-6.399685598514255,547.2470523698305,No Signal,Down,0.554
LGEN.L,52.39948891966594,-0.3116698599771155,-2.1776993185176243,237.54739150901085,No Signal,Down,0.625
LLOY.L,42.905111826632144,-0.026231727616249145,-0.10322062613130592,69.03734200502677,No Signal,Down,0.482
LMP.L,57.090236202107285,1.2434365135745225,-0.23977151421078055,183.52219064057496,No Signal,Down,0.5
LSEG.L,47.707960883760784,-14.643678610458664,-47.42466852922421,11218.76628356513,No Signal,Down,0.446
MNG.L,44.38738223970037,-5.5609524545571105,-6.485611712057752,191.53295377682164,No Signal,Down,0.482
MKS.L,82.17930674230125,13.886246012403035,8.200477454166098,382.7122461557231,No Signal,Down,0.536
MRO.L,31.247162764845513,-35.794853618940465,-37.29303055553916,429.19614637250635,Buy,Down,0.339
MNDI.L,39.90431922260861,-34.30286304591141,-40.055685153483246,1101.8704657330256,Buy,Down,0.571
NG.L,62.54965580936048,22.043285416079243,14.65656045961845,1030.308591645649,No Signal,Down,0.518
NWG.L,49.85734880573295,-0.5585471662073473,-2.8496719654548595,445.5342678442817,No Signal,Down,0.554
NXT.L,69.41391941391942,488.1913920139723,398.27162175760304,11472.395228964455,No Signal,Down,0.732
PSON.L,38.074398249452955,-26.596817983314168,-29.62478317527588,1177.9453847990392,Buy,Down,0.446
PSH.L,36.36363636363636,-157.43861696149088,-154.94097278045038,3437.276280656103,No Signal,Down,0.482
PSN.L,51.45385587863464,-5.947988846543694,-12.071751261569226,1167.8994253557719,No Signal,Down,0.464
PHNX.L,52.24341436034652,6.344940873925225,4.225564709198148,557.2821598296925,No Signal,Down,0.5
PCT.L,37.674418604651166,-12.420016392284936,-13.97007794808386,277.67177808055334,Buy,Down,0.589
PRU.L,41.37931281895763,-0.2644379656610454,1.9704221428252204,764.4623646876174,No Signal,Down,0.518
RKT.L,36.01566359470555,-90.63393589873158,-79.68833036407025,4934.215300435633,No Signal,Down,0.518
REL.L,52.610441767068274,3.870573502195384,-16.869794935162506,3818.2979072560975,No Signal,Down,0.464
RTO.L,50.023807138063745,-6.266455385797315,-8.841673880852085,336.45739727031895,No Signal,Down,0.536
RMV.L,62.766943771156164,15.180548111419284,8.653934238450699,713.2984557147397,No Signal,Down,0.464
RIO.L,34.35039370078739,-133.164792960637,-139.07387184482425,4382.207715984812,Buy,Down,0.571
RR.L,41.67391286433864,-8.807554123446266,-6.328960817783103,715.3687427125055,No Signal,Down,0.411
SGE.L,43.872919818456886,-18.468300181371433,-22.395888180580798,1166.4798150124577,No Signal,Down,0.571
SBRY.L,63.60758439295836,0.3125180119011475,-2.5461776847031308,242.0747113098146,No Signal,Down,0.5
SDR.L,30.05365691077371,-16.82155265920136,-16.540597956066613,318.4137807986381,No Signal,Down,0.554
SMT.L,33.828490323080516,-34.12934579261969,-35.67663390093348,881.4583931152415,Buy,Down,0.518
SGRO.L,48.87405685685808,-8.718885396635983,-12.858330905571385,662.5057934946227,No Signal,Down,0.554
SVT.L,66.26506024096386,58.88676497010783,37.545496402338955,2619.8470935973364,No Signal,Down,0.482
SHEL.L,27.44479495268139,-81.00121233862046,-62.95605988937983,2451.741771237628,No Signal,Down,0.464
SMIN.L,37.299816114841036,-50.907077558256105,-50.6508830899815,1816.610607364517,No Signal,Down,0.554
SN.L,33.10130845603699,-29.668277156254135,-25.138431840946325,1001.8032081845249,No Signal,Down,0.472
SPX.L,36.29807692307693,-297.1003824129584,-334.6557646965884,5948.449295426173,Buy,Down,0.482
SSE.L,53.56037151702786,18.740270474781937,11.608039593247913,1582.7136138138885,No Signal,Down,0.536
STAN.L,35.58337137230325,-46.299263070355096,-48.20890881486139,1008.3346154129193,Buy,Down,0.464
STJ.L,36.72271310576609,-40.050190616067994,-44.00046526623983,886.4351372789802,Buy,Down,0.411
TW.L,55.6122483403477,-1.053332436699847,-1.8812607148620146,108.06317266324211,No Signal,Down,0.554
TSCO.L,60.18265960070734,-2.5653784702991516,-6.412150121695516,338.9308254463842,No Signal,Down,0.589
ULVR.L,60.85232903865213,45.82948535671403,26.471889585751036,4665.657958453969,No Signal,Down,0.589
UU.L,70.32136105860114,29.168487646215226,19.929217734214863,1063.6092553531412,No Signal,Down,0.536
UTG.L,60.9715209399741,8.931824111493029,2.202597575689806,837.0279146940795,No Signal,Down,0.518
VOD.L,42.5486188009175,-0.6834278149672741,-0.8097170937637007,68.8351292447363,No Signal,Down,0.554
WEIR.L,34.88777196020983,-58.86435779338308,-60.717834811980524,2164.1743336976283,Buy,Down,0.554
WTB.L,55.11022044088176,-21.391718065377518,-38.34207343233683,2488.9768494100276,No Signal,Down,0.464
WPP.L,36.74752774687023,-29.89709341617845,-34.23307764146157,546.9878031885651,Buy,Down,0.429
