Ticker,RSI,MACD,Signal_Line,EMA12,Signal
MMM,35.973158564777904,-4.409402320978671,-3.6588568397031658,135.37411902926317,No Signal
AOS,42.12873793045433,-0.9063162824191764,-0.954030300300803,63.64653370861256,No Signal
ABT,51.426329141647344,-0.35853631842563516,-0.7676206166650404,127.76746074114378,No Signal
ABBV,24.392362984313905,-8.05240070524792,-5.89040965933545,180.7878132695992,No Signal
ACN,38.30603051888337,-12.749783390813946,-13.306807049804789,291.2785074645007,Buy
ADBE,32.49217228925255,-17.899937183490522,-18.152307777421203,356.7566007462805,Buy
AMD,38.19819836332319,-4.195276230839056,-3.871114506880072,92.50718665709695,No Signal
AES,28.094307707411986,-0.47688387615816197,-0.28175495415885554,10.71698084193615,No Signal
AFL,45.56057356476773,-0.16216351678387753,-0.17428192006514728,106.94628056867872,No Signal
A,34.69057717969892,-5.988646264192724,-6.022592942939191,105.61414913722675,Buy
APD,36.725477036034896,-9.596282696858964,-9.131184976506423,269.3729542231152,No Signal
ABNB,42.03389185883413,-4.675397004384521,-5.005556821769211,114.85124856453709,No Signal
AKAM,38.9909724355306,-2.8236293794843164,-2.9154879732061882,74.90698861428974,Buy
ALB,28.859650876639833,-6.161358550819969,-5.229661020345198,58.347611446937066,No Signal
ARE,28.515405961379997,-4.998924048207257,-4.446561046274849,80.86624756788935,No Signal
ALGN,59.172932141051824,-2.4777949113623094,-5.087589616673164,163.60222134914622,No Signal
ALLE,47.147067093104845,-0.8007483726905491,-0.8854284492370196,125.63422627829176,No Signal
LNT,38.915457588861315,-0.5331724735439423,-0.35515167678594234,61.30168556476217,No Signal
ALL,37.991453961145275,-1.974328848054597,-1.4158008157663984,194.93845201456017,No Signal
GOOGL,46.9205389994305,-4.00163274985772,-4.7891463694693535,154.6386124554677,No Signal
GOOG,47.42857508237564,-3.910610454737025,-4.706624447393648,156.8504857709202,No Signal
MO,50.04557121192996,0.3313343050798281,0.3704288382489672,57.16762919654497,No Signal
AMZN,38.61397087473086,-7.250873745875481,-7.010952708117356,181.05469569368285,No Signal
AMCR,45.55160359748855,-0.13883477147627943,-0.16144090743675235,9.327496836696998,No Signal
AEE,46.70020212385901,-0.04736283421539156,-0.06671258106004117,98.05034294180713,No Signal
AEP,51.78826885155244,0.44977932147888566,0.3158441340616391,105.56888998932756,No Signal
AXP,44.36064796891448,-6.824118356144254,-8.046502555249033,253.7061665678752,No Signal
AIG,44.820379461831536,-0.04314937548114983,0.36069809396149527,81.764206733053,No Signal
AMT,57.55766440574623,3.1419571396328365,2.8937233029628633,215.32665323000742,No Signal
AWK,53.03368975728682,2.0087817434814497,2.079307561917371,145.70575880845158,No Signal
AMP,45.35116336798708,-10.148970299663972,-12.414316904562948,466.5651376902178,No Signal
AME,36.36757477517759,-5.461655573291807,-5.508938376777095,160.9021545620032,Buy
AMGN,34.64801280097049,-6.379873851533773,-4.327856361177238,290.57575442158384,No Signal
APH,47.038332723395875,-0.2718555891407135,-0.4630832220414391,64.73130663082858,No Signal
ADI,37.96287836675621,-9.455216530661147,-9.164163725808606,182.0851225691114,No Signal
ANSS,42.288815033208444,-6.784571477044835,-7.340016640016671,303.23839262790153,No Signal
AON,35.43054071561342,-5.612839005812987,-4.3455605807473905,377.3329541980811,No Signal
APA,33.35639971699956,-1.457821002805769,-1.3114565071011783,16.264750845216472,No Signal
APO,43.1714456322173,-4.81717808741314,-5.4961164206823065,126.54454577419085,No Signal
AAPL,40.93430641489272,-7.7731867065697315,-8.176640472869346,199.4909460395986,No Signal
AMAT,45.34085796096062,-4.25550373217925,-4.964902235139981,141.3394914564265,No Signal
APTV,35.15049874937884,-3.4443700361659424,-3.1214257600844877,52.691722578491316,No Signal
ACGL,44.818985396215396,-0.17501100115346446,-0.17139954574369262,92.05529084906395,No Signal
ADM,49.81495468811105,-0.28857993611870114,-0.5289093826035214,46.01715997892606,No Signal
ANET,40.95058101419346,-4.302442498733512,-4.873429420196874,73.38702994761663,No Signal
AJG,43.26720957304255,0.695185848572919,0.9861995142262231,331.4809307938131,No Signal
AIZ,36.8036582069045,-4.837770247915699,-4.168138943939557,193.56110103955692,No Signal
T,43.50223020044958,0.17865860361759545,0.23872094931067273,27.01399773088097,No Signal
ATO,59.9451662934613,1.6492531070367136,1.0345699214974142,153.19383056283286,No Signal
ADSK,48.66633428187361,-2.8501565625614376,-4.204622587269921,259.1399250550551,No Signal
ADP,44.96062985710398,-1.6521562151405078,-1.8170579326418466,295.50455447415055,No Signal
AZO,39.034125103753475,6.619095879363158,24.53072701978964,3629.674700784452,No Signal
AVB,43.50300236495927,-3.7645333483497723,-4.232885000762541,200.57795730954342,No Signal
AVY,45.070143019778016,-2.9512963468103237,-3.053900020814312,170.6247576320279,No Signal
AXON,55.58332374401939,2.231658036027625,-3.074348421801978,555.5040774008337,No Signal
BKR,39.95179690724397,-1.571463660423504,-1.5113778134373366,38.837034240259285,No Signal
BALL,37.03940405448276,-1.2017851135180635,-1.0629705678194714,48.126964535045154,No Signal
BAC,38.41978635401806,-1.5038433528932273,-1.5739087732189811,37.5946082156782,Buy
BAX,33.4016365677312,-1.4997375822684518,-1.223943666422542,29.36411190321415,No Signal
BDX,27.11084465327579,-7.413761186486994,-5.8684948362037535,206.7711652836021,No Signal
BRK.B,,,,,No Signal
BBY,37.60644246936784,-4.44027493845374,-4.402470312356196,63.00685498122711,No Signal
TECH,32.8271434802774,-3.3869332932880667,-3.1112782278293123,52.05442509334389,No Signal
BIIB,30.64263606378198,-6.621506099898809,-5.936728222079276,120.92357736692144,No Signal
BLK,39.911810726106395,-21.719386068442077,-21.797017344274277,883.2308690825311,Buy
BX,44.93038952606359,-5.5541086829458095,-5.931595674300086,132.09435059630593,No Signal
BK,38.06668417987994,-2.0267400178859276,-1.8380227227359527,77.8047160400285,No Signal
BA,42.950695233706675,-3.315328907971036,-3.9108230347586983,157.71975041349594,No Signal
BKNG,47.955321015501774,-36.89563897971857,-56.36317720377825,4538.161628656935,No Signal
BSX,42.749657342396425,-1.6615039257953725,-1.6418983890260714,95.20775767658695,No Signal
BMY,16.76475887709306,-2.3914986636646773,-1.5826612220233744,52.43975885374822,No Signal
AVGO,50.88517019770267,-4.756018765867765,-7.0512682110279155,173.25943193984983,No Signal
BR,48.755630825134496,-0.33159772506891727,-0.7579929473902967,233.54001987915072,No Signal
BRO,39.13209019008434,0.14191603881049275,0.5365438510394629,118.60849836052749,No Signal
BF.B,,,,,No Signal
BLDR,43.74896757462978,-4.659421593523334,-4.5782855531744975,119.84458676686995,No Signal
BG,55.317359170445016,0.6810841302404782,0.3478227901794177,75.81431470549232,No Signal
BXP,44.23548001783519,-1.3206719681174022,-1.5746182290433506,62.811090645002075,No Signal
CHRW,33.38877137377493,-2.46109579986188,-2.039995438800494,92.55836766429618,No Signal
CDNS,51.63289846217784,-0.07688712309374068,-1.905345366827687,256.4819357076917,No Signal
CZR,49.42112933811413,-1.1779922530075524,-1.4761497199595437,25.351725748062062,No Signal
CPT,36.874454644752134,-2.3827606876931355,-2.0190054865141533,112.20835767533652,No Signal
CPB,41.25487152541177,-0.3495489255827309,-0.2335999579366268,38.01097678116801,No Signal
COF,44.28267851047563,-5.100003679550753,-5.270513019463884,164.19131784330304,No Signal
CAH,47.99065084789065,1.0405635983199772,0.9954758618845685,132.77012929667995,No Signal
KMX,36.95652135959637,-2.926841810470407,-1.880231801998856,69.87256041351826,No Signal
CCL,41.081589635605965,-1.0196241322101898,-1.139222009510897,18.177764994304844,No Signal
CARR,42.12941955000945,-1.66608509829706,-1.6475954993102018,60.33972873137492,No Signal
CAT,35.89845216636965,-13.397380183135965,-12.961977457874683,299.15967434860295,No Signal
CBOE,43.24261138067931,0.4855471736128436,0.6617922850447698,215.89659354355885,No Signal
CBRE,35.59609634722632,-4.174708149308032,-3.894459792277794,120.00186423660891,No Signal
CDW,42.423789527256154,-5.921590999412075,-6.258148679953504,152.55842447380647,No Signal
COR,62.96965057482313,6.416504107386288,6.36885548951039,280.86926042822563,No Signal
CNC,52.380951070330504,0.6841858259428832,0.77199856880294,61.861609054036684,No Signal
CNP,57.9684709752459,0.5738099894285043,0.5728657964133901,36.590478129449565,No Signal
CF,44.16862285309359,-1.5310885857649055,-1.730310744196759,73.70404685012072,No Signal
CRL,26.270374615695786,-16.091511578644614,-12.794182085984174,119.08838610726254,No Signal
SCHW,46.63968684294981,-0.5067121055853221,-0.7638214573891644,75.66454086013545,No Signal
CHTR,38.67028356554701,-7.25733285905693,-5.364761437260471,343.3684366558463,No Signal
CVX,26.173601742211616,-6.405432712163616,-4.391541820202585,142.10652371336843,No Signal
CMG,44.576053637887654,-0.7622669208664448,-0.8218139228485557,49.002907261948494,No Signal
CB,40.68668516059065,-0.7559404595800743,0.2945517232960386,286.3406369235727,No Signal
CHD,41.99487040974994,-1.086500364107323,-0.9547404592643444,105.04079334189525,No Signal
CI,54.43147682593934,4.046019178615268,4.261192970146828,326.66207174520036,No Signal
CINF,32.816952570137005,-2.9040161145750574,-2.1262651740287533,134.50715290447005,No Signal
CTAS,52.423658703846876,1.646121935629651,0.8424590153773865,203.51211647284163,No Signal
CSCO,37.04352533559756,-1.3162362443969613,-1.2167056323310979,57.048146409739296,No Signal
C,38.51394889493839,-2.79829611516724,-2.9116440470126825,63.78896033221408,Buy
CFG,36.8708956256387,-1.8875368945377815,-1.8542011654355648,36.395853099934016,No Signal
CLX,38.367945002889,-2.5519730149610496,-2.344590970210378,140.93021954121707,No Signal
CME,50.3460568326295,1.3772435299787844,1.5861101955283399,260.7866910031389,No Signal
CMS,45.13411077183192,0.041199387817670186,0.17608134707097864,72.58052141406975,No Signal
KO,58.843306880980826,0.7448624812066242,0.5961968839536458,71.29846106248445,No Signal
CTSH,36.85924207053866,-2.794201850981594,-2.81787153954674,71.28120395399529,Buy
CL,57.407869767533974,0.841009420524756,0.5408571912633965,92.75521488743938,No Signal
CMCSA,39.1343047070069,-0.5301644248746484,-0.4008471568757904,34.35090016969719,No Signal
CAG,39.730659623828984,-0.14083949736188472,-0.021994636163408465,25.701419577572317,No Signal
COP,36.97217014549745,-3.3903082489218974,-2.609670361600967,89.45089313546758,No Signal
ED,57.510153599649804,1.9890892099140132,1.9543083713539435,109.92236111070163,No Signal
STZ,53.65730168495521,1.2235244068317286,0.6215963847951886,182.93324108354977,No Signal
CEG,50.49887603743921,-7.408186290648359,-10.686466251294782,204.4158608108687,No Signal
COO,42.5052871546437,-1.883015558731401,-2.3682509353114387,78.21149479716982,No Signal
CPRT,67.32975855037998,1.2071000383474697,0.7505899222920929,58.25037133658387,No Signal
GLW,37.30994277285622,-1.7258563381981915,-1.7086302917053289,42.216328190527065,No Signal
CPAY,38.79178213180804,-12.223436858240177,-11.864040925900186,313.18700578440576,No Signal
CTVA,46.53725253008827,-0.6277765916004441,-0.6809993198427201,59.45590456739235,No Signal
CSGP,50.653703595715065,0.31052170479570407,0.06616513556053284,78.29206458787246,No Signal
COST,65.47937077640555,4.804055647761288,-3.248730128721389,961.9354864445793,No Signal
CTRA,33.647066004136036,-0.6564097604626902,-0.5021891673231352,25.949087375938014,No Signal
CRWD,55.1288469142325,2.3201729329108502,-2.1068455507167165,369.31279372359165,No Signal
CCI,49.9813462514218,0.6752151591294506,0.859473165079123,100.26042969931125,No Signal
CSX,41.269837942876414,-0.7715518704477908,-0.7975419703268682,28.061241979357664,No Signal
CMI,36.61374770217615,-14.415352555814593,-14.542838773960844,289.8589236986864,Buy
CVS,50.473788719293246,0.9567676439746293,1.0984932938146423,68.02410247503609,No Signal
DHR,39.309804230984625,-5.7821990085779476,-5.751847036822592,190.82278907536514,No Signal
DRI,46.64810975578998,0.7134483636275206,0.7428053817483119,197.25737369998288,No Signal
DVA,38.322245669795834,-1.5160449812103707,-0.5673160438664224,147.66515712733906,No Signal
DAY,41.33333227369503,-1.3066439530779945,-1.495387170749675,55.14446203418369,No Signal
DECK,45.317222119779885,-6.922162927177553,-7.867102627367805,108.03908265104644,No Signal
DE,46.52719912558865,-5.156021676949763,-6.040863476224631,454.2678949748756,No Signal
DELL,43.93718923377402,-4.2014532286688535,-4.9728853221539255,84.09972707269249,No Signal
DAL,44.33067702975622,-2.990243202876556,-3.6007247962982216,41.09048073107244,No Signal
DVN,35.87385029591479,-1.751457340635291,-1.4391582143193622,30.386608081502743,No Signal
DXCM,51.666000001225115,-2.1871127687590786,-3.188165347277944,67.36705833025903,No Signal
FANG,39.435124937238534,-6.638552946462141,-6.07820582092209,134.32143903529266,No Signal
DLR,60.57197888312089,-1.4138829024818165,-2.8027430592076006,145.7530433962871,No Signal
DFS,50.45135839109708,-3.7814758324017532,-4.402279085544003,159.61257515298695,No Signal
DG,63.672886931342255,2.8335077243921205,2.960841215585767,89.03272467896741,No Signal
DLTR,58.223939376443646,1.2684870627436169,0.7033130432421142,73.05564172380777,No Signal
D,43.564338539293445,-0.48784093237649273,-0.4990502573575837,53.25694589255736,No Signal
DPZ,57.62118951193225,1.7994000498172795,0.1876844185415767,460.6498977640521,No Signal
DASH,49.117839867066806,-2.4197391529131664,-2.981288008464502,180.25278069067502,No Signal
DOV,38.68224699883046,-6.485835011926156,-6.891525507124817,163.84619602559223,Buy
DOW,34.87578399441304,-2.38852264898577,-2.209965992725171,29.273239926200972,No Signal
DHI,44.8094648580918,-2.8289098457291715,-2.626884267804198,121.32682451578896,No Signal
DTE,44.55659034890034,-0.09404223166947645,0.22013231698478802,132.47668653439638,No Signal
DUK,55.37078146205845,0.8042998033366899,0.7016616860593757,119.5848320095251,No Signal
DD,31.89992390489762,-4.764041236912163,-4.376519630845763,62.32131822597195,No Signal
EMN,36.11336309173865,-4.076286313635649,-4.002562837677884,79.1886411494603,No Signal
ETN,47.56513470745874,-5.614185846951784,-6.825526904877057,272.20495893664474,No Signal
EBAY,47.33095642556996,-0.3646822558142446,-0.6311086558298792,64.87313267897554,No Signal
ECL,41.27549450283466,-5.101088440503048,-4.9830807317542885,239.22894127484378,No Signal
EIX,50.271484995268615,0.18482488803130792,0.12133748896761909,56.36228774451808,No Signal
EW,51.82997351780793,-0.16212207584693772,-0.32896336465222453,70.38855410494004,No Signal
EA,52.065614650663164,1.3664126098480835,1.1457946595622361,142.35708184682971,No Signal
ELV,46.1162523771943,5.048151457891834,6.809051477966165,433.34978741735216,No Signal
EMR,39.84322577282859,-4.213853254513111,-4.251640240773046,101.54004044228124,Buy
ENPH,35.599112549137004,-2.541446316264917,-2.1001471199594004,54.30650629672364,No Signal
ETR,46.75765814833058,-0.3526573012803311,-0.41913501872466097,82.39732491478054,No Signal
EOG,36.523059420778736,-4.743986230321127,-4.113155126201671,111.1663265049623,No Signal
EPAM,34.013812465461,-12.578347997535047,-13.686919472955898,153.12834715205764,Buy
EQT,44.468665416581786,-0.256538578121031,-0.23590618218459491,50.40227431388163,No Signal
EFX,39.51879008008095,-6.354459787224243,-6.287770472876738,223.8211751773791,No Signal
EQIX,47.335246077179065,-21.768712914758453,-24.81415807871381,787.970078894131,No Signal
EQR,44.66954761796339,-0.9450786993066487,-1.1047586517377164,66.91032531910557,No Signal
ERIE,50.69300568309354,-0.2516960281090519,-1.3252821422901793,411.3601169966158,No Signal
ESS,35.96650922907732,-7.071690948413277,-6.045682102637051,275.68032698072034,No Signal
EL,35.618604095623326,-4.061183792562964,-3.8077276332777164,56.24951173284508,No Signal
EG,43.35024342044597,-1.658413653210971,-1.3031822216858981,349.18416597644995,No Signal
EVRG,52.17013808404252,0.1718955904572823,0.089715259527435,67.14191501075591,No Signal
ES,38.915670901283534,-0.8840082650497294,-0.7745288030974361,57.955902336733715,No Signal
EXC,63.52065779376469,0.826572890825453,0.7179774761151014,45.95726718534199,No Signal
EXE,43.19634327779318,-0.21919312616309128,0.045289606880456655,104.65270464592518,No Signal
EXPE,38.85601043656779,-7.001488062459288,-7.459370468369101,153.31835637350503,Buy
EXPD,34.57987128802803,-2.595003837426617,-1.9343375850868014,109.98272692121364,No Signal
EXR,45.468008741647985,-3.010603635040127,-3.436425557364495,138.48694314605828,No Signal
XOM,35.795003740507624,-2.3292237775224294,-1.674494241788925,106.16517753652505,No Signal
FFIV,47.18812475758714,-4.145996456597231,-5.3490231008177265,259.40187262774504,No Signal
FDS,41.85242992961924,-4.961419604785249,-5.6635084654458385,428.57981588545545,No Signal
FICO,55.70822121527313,17.40436196218002,4.285015963940105,1864.6511061750034,No Signal
FAST,61.86923653240866,1.242425341446932,0.6229758080576726,78.70517848070466,No Signal
FRT,46.71010196204719,-1.94808754744723,-2.477043442144816,92.00173716057472,No Signal
FDX,33.00497330243314,-11.25719598628504,-10.38967256584993,213.3147419720031,No Signal
FIS,51.572540268471094,-0.4289394929745356,-0.4221033779008728,71.57751358994105,No Signal
FITB,35.80409361892495,-1.562904490356324,-1.507857070180034,35.17619954780169,No Signal
FSLR,50.503819589396464,-3.1874222179316405,-4.022988085846014,127.43794193763895,No Signal
FE,62.06897847699386,0.3916122467674228,0.1559564187737923,40.491590630861296,No Signal
FI,44.95201905214427,-3.0934823581186492,-3.296296918222313,210.22886951442186,No Signal
F,48.98419699336432,-0.08078329300854037,-0.06572329000517545,9.51623685152912,No Signal
FTNT,49.44299455616782,-0.9840680480924533,-1.6440496133460105,95.95330531168864,No Signal
FTV,36.817033988970266,-2.914133186468561,-2.812594008569108,66.73473299395721,No Signal
FOXA,35.55555772917245,-1.4472456712451773,-1.0456860235888095,50.06063806863427,No Signal
FOX,36.458799427222154,-1.3835555671041035,-1.0508407757780045,46.41466617930645,No Signal
BEN,40.259740617182594,-0.4944666112591065,-0.4636037807106808,17.98751120406041,No Signal
FCX,37.98127293571691,-1.4631251837137143,-1.3701132737296162,33.578569981436175,No Signal
GRMN,37.063639046408554,-6.869149516169784,-6.735227134321856,192.7462542100794,No Signal
IT,43.6153807690854,-16.09353220137234,-19.335403892170568,404.0739266913074,No Signal
GE,38.0688507201177,-4.817646805517143,-4.470383083023979,184.80509100093045,No Signal
GEHC,27.067084795459976,-5.828244854656887,-5.381739389555035,65.68556124442732,No Signal
GEV,55.708972883218564,-0.17125587780816431,-3.778665210531183,316.9336961464398,No Signal
GEN,38.072296299836935,-0.7728391479091421,-0.7047214283657514,24.892973427221378,No Signal
GNRC,36.44859674778592,-6.342817938110784,-6.275058522613783,114.28156527123505,No Signal
GD,56.03546522052665,3.953222707507166,2.764885683576544,271.0853105806685,No Signal
GIS,46.53905990562965,-0.5311168108998103,-0.47016160897877446,57.86019302406834,No Signal
GM,42.94314033087594,-1.1298154345084086,-1.0201441568340466,45.00407273938197,No Signal
GPC,43.85718174102409,-1.9722634077656949,-1.8727307392086776,114.70640636133422,No Signal
GILD,35.08843947325474,-1.1710053191758618,-0.6975873637876688,105.9172098109317,No Signal
GPN,25.876894952059175,-5.33656749623168,-4.036251464026065,84.71275632507705,No Signal
GL,40.171299411056104,-1.3244171123386934,-0.9207017800766346,121.91060444284798,No Signal
GDDY,42.526309364720404,-2.6846934313985003,-3.0071874437073243,172.60766339966779,No Signal
GS,42.99228939946954,-19.66604370462852,-21.54379648171008,507.968581725378,No Signal
HAL,40.902582995277676,-1.0354907184414515,-1.0522044813115823,21.93465126234558,No Signal
HIG,42.59383593936164,-0.36105008887770396,-0.10464621987747688,117.21789156307477,No Signal
HAS,35.46852155185594,-2.4714084005059505,-2.099803819699772,54.04313800108031,No Signal
HCA,44.18037506352651,1.7907447411585622,3.004685790604175,335.6308068350995,No Signal
DOC,35.2921585363074,-0.42261331378131217,-0.3950056741305036,18.729252231677656,No Signal
HSIC,39.92750697154724,-2.067856860081008,-2.0559282361454394,65.32485123321649,No Signal
HSY,45.844977767161474,-0.7667073742901493,-0.9031237718965798,166.09967315738564,No Signal
HES,28.256446034932736,-6.058013263622257,-4.087212388967477,134.38182037550288,No Signal
HPE,46.7980319171726,-0.7071530468796681,-0.9648487756386946,14.6232448187576,No Signal
HLT,39.39688361169235,-8.283606689392826,-8.589868476359907,213.73223234468657,Buy
HOLX,37.399471107123695,-1.496503260049053,-1.305408568070631,58.72571964373711,No Signal
HD,48.392471177266835,-5.184141180160111,-6.152705562431783,353.65126438342736,No Signal
HON,41.17874679708601,-4.076746655690471,-3.7262514240134053,198.40610810697788,No Signal
HRL,53.93889551331165,0.23113793422176698,0.19794546534577379,30.091270340188856,No Signal
HST,46.44713313410298,-0.43665852355151813,-0.4949799806191083,13.696792935959325,No Signal
HWM,44.154900302124815,-1.4279159541096078,-1.310205504549602,124.69931280543554,No Signal
HPQ,35.30685868872452,-1.6509611562233069,-1.6873838336240523,24.294658020247347,Buy
HUBB,53.16248224037389,-3.1609232926026607,-5.948280327798279,339.9339259446612,No Signal
HUM,49.94383392122553,4.594005171322806,4.134500412197839,277.158199197145,No Signal
HBAN,41.463413570410616,-0.5327123948149293,-0.5612853316922429,13.509987877718368,No Signal
HII,59.787110939272154,5.994223451697792,4.173212350485689,208.76872157417154,No Signal
IBM,46.2505379492317,-3.1548960403573005,-3.6412781528626303,237.88598491456645,No Signal
IEX,33.72984145432828,-6.021843980927315,-5.855957485439933,169.0272914208047,No Signal
IDXX,48.66365488396691,-7.089718876440145,-9.194696686079771,401.67527059526583,No Signal
ITW,40.89501086161036,-6.522397664783654,-6.406775972384497,233.48363772678465,No Signal
INCY,43.727036727619044,-2.2322979984121645,-2.4116891425427376,58.86507548540822,No Signal
IR,38.17134971295858,-3.063810359474118,-3.12637363419216,73.26071006542819,Buy
PODD,44.020818397881214,-3.635348149006262,-3.0242016871408532,254.45157081273217,No Signal
INTC,35.023779886574744,-0.9225988528757512,-0.6733536128506139,20.24189575838673,No Signal
ICE,27.907603132142725,-3.297199091823586,-2.6546049364842244,160.29017946964854,No Signal
IFF,42.877595295666076,-2.1272700054202573,-2.119777389428249,73.1121328889629,No Signal
IP,33.428983521094494,-1.8409830854330025,-1.5346425744529637,47.904244233245365,No Signal
IPG,39.982942798210374,-0.7004700248270126,-0.6554123717140703,24.53295965950913,No Signal
INTU,46.79062718290024,-3.4693846998809477,-3.490331249958154,587.6203572562591,No Signal
ISRG,47.78265004658689,-10.034244766283905,-12.152343435337546,487.940692333912,No Signal
IVZ,34.17218387453633,-0.8866594279591204,-0.8484358307551946,13.291616146237171,No Signal
INVH,45.385437712738764,-0.09562682107952725,-0.08982068802849158,32.883248370311996,No Signal
IQV,29.127175971773127,-10.7007841814262,-9.616883456976744,153.64602772293074,No Signal
IRM,48.58144799461443,-1.6203338493983637,-2.094787645934105,83.27085650941325,No Signal
JBHT,38.50550828589753,-6.621927818683616,-6.004571995258281,135.32547138075176,No Signal
JBL,49.192303820379585,-2.8845207483209947,-4.113763331374171,133.08182393674335,No Signal
JKHY,41.70349959306186,-1.2483914085272545,-0.7872751525739221,173.2972107417288,No Signal
J,44.13489578602249,-2.158631244020569,-2.47819542808368,117.2679588580384,No Signal
JNJ,43.007615371909814,-1.9360398028783266,-1.9976404789287976,154.725440724946,No Signal
JCI,45.280525144278705,-1.240612563838539,-1.3403941338299503,77.4530489082475,No Signal
JPM,44.750670118882006,-3.7519722902612216,-4.643372743990578,231.63316774841007,No Signal
JNPR,33.20827610688886,-0.3977727696363047,-0.3350496810814296,34.80955777714187,No Signal
K,47.89920276451902,0.027879531592077456,0.03405843137675276,82.28004422141626,No Signal
KVUE,46.918474666763736,-0.07668245662665996,-0.09039093517680465,22.73809944795752,No Signal
KDP,61.89111716531904,0.5467658660978145,0.48747422781088423,34.86330356071554,No Signal
KEY,38.32061646652859,-0.5867303977877185,-0.591746176326669,14.329822349169795,Buy
KEYS,37.98287622752185,-6.153613042704677,-6.343685783149244,137.70412100541176,Buy
KMB,53.28534168269652,0.5187924286634029,0.310505788333797,140.0114531901063,No Signal
KIM,47.34374944120658,-0.2610197399473968,-0.33385572342563735,20.23535549096571,No Signal
KMI,41.82753535101613,-0.17845237850968942,-0.16882374274247644,26.862241320792748,No Signal
KKR,42.1505679203274,-5.5211459673803205,-5.989388850521447,104.72086822337116,No Signal
KLAC,44.67118516955014,-14.414883628163807,-15.293985393813555,656.0810560232454,No Signal
KHC,45.44392093861167,-0.23568255836825358,-0.22232968548925913,29.355559501777716,No Signal
KR,62.54180431328654,1.0879837178732572,0.8522576568405575,68.29576548742695,No Signal
LHX,61.77198216022174,2.6385692983008084,1.4415933068187992,215.22388039308694,No Signal
LH,40.81719237868732,-5.174275388884041,-4.730238105306445,224.6826002226234,No Signal
LRCX,39.74507393571949,-3.0126439801921805,-2.9637292482736664,67.16534049291248,No Signal
LW,49.02217067433784,0.05993739175049484,0.17479557642874372,54.49024393854897,No Signal
LVS,34.208987989380304,-2.8397743225319942,-2.7264054610407986,33.73582343162737,No Signal
LDOS,58.20073333685077,1.303476360583204,0.8894807006584051,139.01456389643985,No Signal
LEN,37.5541189433951,-4.266329683432886,-3.9442976236208187,107.13288130696199,No Signal
LII,50.88856722187466,-9.130607175399632,-11.372561114919941,553.3698536039954,No Signal
LLY,52.437492891736305,-19.926698696296057,-24.598895631131846,771.0543937353895,No Signal
LIN,47.50304041959317,-3.0962050613118777,-3.474808482806318,447.1230884967151,No Signal
LYV,52.264737821929536,-0.9225972017719926,-1.5381306157516073,127.10495157616552,No Signal
LKQ,51.74050150611181,0.14737242870274514,0.14338781449368862,41.531527091402374,No Signal
LMT,60.45542747067948,4.419309507458024,1.569914452339892,462.1941473468211,No Signal
L,38.55421647194309,-0.48203106870332135,-0.16497676986608723,85.8963570120636,No Signal
LOW,42.69313829715463,-4.718376820429171,-4.684081326860576,221.4299394055169,No Signal
LULU,34.052578476623,-22.378589289195304,-22.167909238243872,264.85382695991444,No Signal
LYB,32.128191751626616,-4.544015672542862,-4.130682385405617,59.10537349964831,No Signal
MTB,37.2522384776465,-6.0775180904642525,-5.819762509106621,162.55938477430897,No Signal
MPC,38.04727732280747,-5.7700802464886465,-5.218165504819657,127.96329024690903,No Signal
MKTX,58.63982598641349,3.2732909847176472,2.1483307168061874,217.92637972258188,No Signal
MAR,39.63537453852566,-9.433172826795612,-10.104237303453164,224.86226971848814,Buy
MMC,32.816899004822304,-1.2924363560286452,-0.01932321862710057,230.86378819184168,No Signal
MLM,56.12367768644494,1.2487373908645054,-1.8409142419933229,486.8549423396967,No Signal
MAS,35.688338113127585,-2.92394022015867,-2.77969993229173,63.132716180950524,No Signal
MA,42.74865825910797,-8.409171831034541,-9.099844278242063,514.9672176324711,No Signal
MTCH,42.98335045044165,-0.7732677706627342,-0.7887238337880961,29.069003483906094,No Signal
MKC,37.37074014850563,-1.3911009825923202,-1.0437071894233656,76.25437144733014,No Signal
MCD,53.55994328987863,1.3962640738436107,1.1924562357473232,309.29310658642885,No Signal
MCK,59.09946903305224,12.523606082228866,12.260084742435764,684.7461952571268,No Signal
MDT,38.35109755089146,-1.9617022787389828,-1.6809549030411943,84.12344430544715,No Signal
MRK,27.128312686325742,-3.623279137354686,-3.018008850365098,80.61607446699824,No Signal
META,35.97047593290411,-28.282768233375236,-25.67841463326746,534.7008936600678,No Signal
MET,39.804635254943214,-2.6812012066098134,-2.4705813206525544,73.59196473934585,No Signal
MTD,35.15123153326658,-56.96990180496891,-54.02407545404044,1056.7206677044235,No Signal
MGM,45.05419725887127,-0.9563441807530317,-1.1352100944927737,29.094090001978373,No Signal
MCHP,35.75843026520285,-4.1521780131173145,-3.96709754871015,40.69188728702372,No Signal
MU,33.198519578478766,-6.671049084905746,-6.047182433195879,73.49873727197581,No Signal
MSFT,45.02168739544734,-4.257984911494987,-4.881355939706992,377.57222851034174,No Signal
MAA,41.36844090873006,-1.7465226073554447,-1.4654751226716327,156.0960152754218,No Signal
MRNA,31.429394630997933,-2.0886714566389273,-2.062464125835769,26.403449480617525,No Signal
MHK,38.01779463123206,-3.6293975493012027,-3.127583318316908,105.25558114642764,No Signal
MOH,49.67203165674739,5.970986417452707,7.960254029933539,334.3696590672405,No Signal
TAP,42.15168361302163,-0.0211372005361099,0.2651518837036318,59.855899221827094,No Signal
MDLZ,50.2295070813253,0.7343798690565535,0.7759368781072249,66.63136571628597,No Signal
MPWR,43.69573788464985,-22.551215937376696,-24.53566881090838,532.3815821598104,No Signal
MNST,52.24856605742757,0.8207958083568627,0.9921233010104792,58.00032201973085,No Signal
MCO,39.16962882596405,-11.712613051880624,-12.085623184887364,432.1274567111964,Buy
MS,43.995310028984555,-3.735062736880522,-4.207245101477798,109.46386057841379,No Signal
MOS,50.09452013947805,0.06391725965632844,-0.13233946275088943,26.007005108624124,No Signal
MSI,44.163284701682876,-2.386049862274376,-3.335499391046353,421.36454786033426,No Signal
MSCI,47.08107738869614,-6.111445746213576,-7.86186610850067,544.4699994943326,No Signal
NDAQ,45.02005605284744,-1.348449957811141,-1.5132668415895771,72.22759232404334,No Signal
NTAP,42.91251794428901,-4.377098258970207,-5.13103461596838,83.17275156489795,No Signal
NFLX,56.683732626539104,1.0256565034729874,-6.800710632487802,939.6660228253912,No Signal
NEM,68.7969974104304,2.421502610487714,1.6337590479028061,51.81536329134754,No Signal
NWSA,45.700826113563885,-0.4279661901866447,-0.5033565559703264,25.95880329834133,No Signal
NWS,51.774530728615005,-0.31545579334483875,-0.4841106677158951,29.841580435735256,No Signal
NEE,39.872801137093184,-1.1910780702524733,-0.9998597015197742,67.28531391580749,No Signal
NKE,38.51082660678006,-4.583479037081425,-4.523826439583411,57.064054590265016,No Signal
NI,45.93550559209458,-0.08810402102118076,-0.13031859576013446,38.90014504078603,No Signal
NDSN,37.03996449479045,-7.081074390275404,-6.927032964742407,184.87764375100411,No Signal
NSC,43.47666877762971,-5.583081224349172,-5.711967127905414,219.8135907830705,No Signal
NTRS,37.88667270529761,-3.7272885256719945,-3.694886959082362,90.15022066399473,No Signal
NOC,62.75788219194272,12.990781568591103,10.271687590665794,521.5451584082066,No Signal
NCLH,36.46138523111734,-1.3438341493844597,-1.4059635645014756,16.88697324473739,Buy
NRG,52.493442637488634,-0.4541032827957565,-1.2209414531420502,95.42487776548532,No Signal
NUE,39.41336632489495,-4.951772682607739,-5.0060899622269455,112.03069939986955,Buy
NVDA,43.67656132762788,-3.297651621026503,-3.7373316092982374,107.04896874768806,No Signal
NVR,50.166964213180904,-55.92334916890832,-68.41364573305447,7150.534290056277,No Signal
NXPI,41.46795478388273,-10.32050666868713,-10.483093063745848,173.9846149434815,No Signal
ORLY,47.5924119573315,9.816393137155274,12.336429189639908,1382.3243421170926,No Signal
OXY,32.033094972416336,-2.612046082538548,-2.2067350337763005,40.18921871260957,No Signal
ODFL,42.444866060857336,-5.552609575344718,-5.458432509769305,155.62378803130133,No Signal
OMC,39.807803222919645,-2.035535068340991,-1.871311222003878,75.12278554194587,No Signal
ON,38.50364686582828,-2.909335806279664,-2.942059140157055,36.274563532390715,Buy
OKE,34.053639721933436,-3.6514085103483325,-3.2611163248363195,86.34876996737873,No Signal
ORCL,39.9871849870276,-6.339221011385291,-6.4850261805852565,133.90187655464297,Buy
OTIS,43.47509325970363,-0.8767016420921436,-0.7844675738850211,97.75239304642209,No Signal
PCAR,37.25203354084932,-3.6922842634079274,-3.4405486420673466,90.60122189140603,No Signal
PKG,42.869401814505245,-4.011178573377833,-4.363632558852261,188.7847907597285,No Signal
PLTR,56.95004650522122,1.2300521566847493,-0.14088237363404482,89.83264352734662,No Signal
PANW,45.90270428644607,-3.665058516188509,-4.610810674226928,168.9002697156645,No Signal
PARA,41.24292826431319,-0.19533266245286285,-0.12865427114879724,10.99986603604704,No Signal
PH,42.97040865770839,-19.32637044689136,-20.009059886516205,569.9725224277594,No Signal
PAYX,42.62334274199768,-0.6967314857556062,-0.5187714371081056,146.4201372334589,No Signal
PAYC,48.827130930339045,0.33657475674127113,-0.26426220028292924,214.3016971345332,No Signal
PYPL,42.35163666417978,-2.6853064180963457,-2.861256017557068,62.16688655053231,No Signal
PNR,39.735964859194716,-2.4468240327825725,-2.5297971791383755,81.98258418304698,Buy
PEP,40.42298264170291,-1.7273536274564663,-1.2604049734578728,144.45832183765654,No Signal
PFE,27.591238111785685,-1.021537929329412,-0.9097260487839373,22.730012190680746,No Signal
PCG,53.25669350108254,0.11577658757468257,0.08899934047474563,16.94061928061294,No Signal
PM,59.73868467347583,2.374902272761176,1.7853773277408567,156.8456952297234,No Signal
PSX,29.695332778401863,-7.44489425938508,-6.397046683325067,102.21379139478802,No Signal
PNW,50.88049964396146,0.34089023726082246,0.24337233772001118,92.89478227429484,No Signal
PNC,34.98437155292744,-6.964749469932343,-6.713687075283824,155.94008671638,No Signal
POOL,45.686129513750224,-7.233070647172212,-7.2971648712655295,309.4178585437071,No Signal
PPG,41.89515517672445,-3.5517067574498924,-3.4551040226096017,101.27032971782191,No Signal
PPL,50.08519703194596,0.1843701659658521,0.1397177185578958,35.04671314435605,No Signal
PFG,35.05747726424258,-3.1545707464681527,-2.5416060727408105,74.70609527576003,No Signal
PG,53.403148262655606,-0.3512367109606487,-0.8931797796984254,166.97708751392568,No Signal
PGR,41.93155802661702,-0.4948150217253442,0.02147943348061275,272.5200920503094,No Signal
PLD,40.54360341389041,-4.072974427937311,-4.388154869480227,100.45362239019428,No Signal
PRU,37.092059091588986,-3.198483272436931,-2.7954359735016747,101.42730801192158,No Signal
PEG,54.934405945441796,0.3054449834114763,-0.050841721695958804,82.09778350524283,No Signal
PTC,38.18334476031099,-4.793394502909791,-4.8806421144216525,146.66743523741002,Buy
PSA,51.0783888781866,-2.5310054254487113,-3.712951232201721,287.81115011709574,No Signal
PHM,40.811907883176744,-2.920993009765624,-2.5457988216340417,96.35090264377487,No Signal
PWR,57.11452647495915,0.686885615149663,-1.7474699166595884,264.5308013197811,No Signal
QCOM,39.122189593058266,-5.740976287929072,-5.680629202568037,139.38638639983796,No Signal
DGX,45.562776285190665,-0.7505731864372933,-0.7009072059696199,165.25789766590384,No Signal
RL,46.432460588183254,-9.247150270525935,-10.348971808650806,204.88878662378409,No Signal
RJF,44.865104489441514,-3.3083366867954282,-3.975175277902031,134.0664822990919,No Signal
RTX,45.74691303951007,-0.44399953221486044,-0.5382775012800751,128.12825867040445,No Signal
O,57.63679312022388,0.1999313448584843,-0.09354403642580322,56.155201201399805,No Signal
REG,47.05882789292744,-0.6573876863898249,-0.7879960186473381,70.38167554484339,No Signal
REGN,32.1908370398736,-31.161794954936113,-29.552051096301902,575.184608815026,No Signal
RF,37.11843723217945,-0.8185622969332123,-0.8071484025646367,19.61076484427439,No Signal
RSG,55.0696397017715,2.907548891777509,2.701119381869458,241.21506751951773,No Signal
RMD,44.71508213269708,-3.744675857509179,-4.054261045064717,214.0384115139957,No Signal
RVTY,36.22768866679767,-4.607845552677716,-4.201515710418182,96.85511998265821,No Signal
ROK,36.23534980342012,-10.564522668642496,-10.313797490781571,236.228084865916,No Signal
ROL,59.32783873822984,0.9126906997609936,0.7244206642898636,54.34948324095072,No Signal
ROP,41.635037636917716,-4.628029675207586,-4.2455135129614066,559.9233069100029,No Signal
ROST,70.23640030074273,2.2837067836945266,0.813112275109271,136.56906010099036,No Signal
RCL,42.272962737669324,-8.230232110948805,-8.959889986715798,195.0457263072613,No Signal
SPGI,37.73747501878195,-11.330461768212956,-10.785782509680576,470.3987098829182,No Signal
CRM,35.819107296227344,-10.281989482617348,-10.748881301619418,255.50844162804447,Buy
SBAC,60.359448344661445,2.2052735991752854,1.2619324767060929,221.38127215399035,No Signal
SLB,34.01039248131708,-1.9026435813537503,-1.6095508675842054,35.44890650106362,No Signal
STX,39.599451461305556,-4.675999385873141,-5.036597384258379,74.34970338850853,Buy
SRE,53.1836927270821,-0.723222853329716,-1.3312678895095658,69.24437413546406,No Signal
NOW,46.55728495743218,-22.791781740717965,-29.153290779943248,791.1463280423736,No Signal
SHW,46.997833363441494,-3.783861206398626,-4.064107272419179,335.23050016321844,No Signal
SPG,38.589271476590724,-5.64020056594245,-5.649322886673061,151.52539913415418,Buy
SWKS,40.03915339854917,-3.4268048145302146,-3.4930076051336467,57.57686242964498,No Signal
SJM,50.24651340801613,1.2009438974225901,1.360185429715068,115.46178220725567,No Signal
SW,42.38187176548552,-1.7296547400019193,-1.8405917839524737,41.69874947593496,No Signal
SNA,40.05831511515583,-2.7412265107228677,-2.1860937579337167,326.4428627305996,No Signal
SOLV,35.75982913857793,-2.5485645001168535,-2.209994655870691,67.74617881654302,No Signal
SO,52.30352611700173,0.45465622641727066,0.3453463810840665,90.19854426223303,No Signal
LUV,26.042223772839776,-1.7854132827006985,-1.2599534553965421,26.854558445423272,No Signal
SWK,27.205878760295647,-6.458381814581145,-5.734160001400874,62.09566193450328,No Signal
SBUX,30.124901222403693,-5.241828057785611,-4.854926519073597,85.76513545512798,No Signal
STT,38.94733733436673,-2.9104032427273836,-3.006133704979945,81.51263383348702,Buy
STLD,44.98256635183971,-2.2222820462085195,-2.3655924963535884,118.68577720473463,No Signal
STE,49.348006239956135,-0.7563171320137201,-1.0043933158513871,220.65398870550385,No Signal
SYK,41.90718475744395,-7.609749896248729,-6.868281660980363,352.7492248959554,No Signal
SMCI,43.61356597261196,-1.8753798720283754,-1.819683572825559,33.41999504366348,No Signal
SYF,42.42020806085864,-2.5259451677372837,-2.719108842501441,48.04181424665952,No Signal
SNPS,43.04826136764947,-10.986714785690594,-13.050660069837893,418.02033107433704,No Signal
SYY,44.61497385772307,-0.5277300257986042,-0.49905311703237026,71.35596267278031,No Signal
TMUS,47.68393696720205,0.5575043542422122,0.27780247885531645,259.7887055873267,No Signal
TROW,42.83840962023766,-2.971269291299251,-3.3128812323517716,87.55174796472063,No Signal
TTWO,51.97662558580938,1.1895706050568435,0.5294878804115197,209.466690094255,No Signal
TPR,39.564254827091936,-3.1346741873844763,-3.005427784972285,65.15275473646565,No Signal
TRGP,38.09767376462685,-7.227153473907293,-6.544824348536267,173.6850221749546,No Signal
TGT,38.21029101102097,-5.600588546169533,-5.775219239257881,95.03873783706372,Buy
TEL,37.612915921518855,-5.06000190288151,-4.919018809952161,130.76369705356908,No Signal
TDY,37.431177752607944,-9.349442870249334,-8.875794428181681,466.70535870912283,No Signal
TER,38.1256456698828,-6.672127272529622,-7.1495858807778205,74.92623433229693,Buy
TSLA,43.613961675018615,-9.18140919827971,-10.225593088125324,250.54833507402338,No Signal
TXN,35.79504503419278,-9.325441685077124,-7.919988802894372,156.15599114267434,No Signal
TPL,49.58129833446135,-19.76859257815454,-27.63543736299302,1256.1896700636457,No Signal
TXT,36.13545493397075,-2.2425373277414167,-2.208283978462049,66.30454063472696,No Signal
TMO,31.56772604961685,-23.26487175825764,-21.64430570655052,448.4585322723186,No Signal
TJX,65.38083589558389,2.164514673189032,1.5327476862915757,125.65150966977943,No Signal
TKO,49.553242369387625,-0.9143934513426757,-1.2661440890473306,147.6781567894637,No Signal
TSCO,40.769654151776464,-1.0080540690082884,-0.7948011579738309,51.34403202793966,No Signal
TT,50.53084563537939,-3.302872992567302,-4.052960078022627,337.10307787340105,No Signal
TDG,45.13630350597694,-5.311712160614206,-6.84593061163404,1329.5636893941255,No Signal
TRV,45.351929331634345,-1.2910230462402694,-1.2568794837212804,251.1229160971241,No Signal
TRMB,35.7894907479909,-3.007049115758605,-2.922886410161199,59.96308102873127,No Signal
TFC,35.80325678925311,-1.7667577478756584,-1.7347184175462034,36.85796234463369,No Signal
TYL,46.831896234544985,-4.747799295754362,-7.491906912587607,566.532428926588,No Signal
TSN,46.02739840561355,0.10365968408377313,0.16305756253594395,60.78033734783031,No Signal
USB,39.06634574469083,-1.4667408834894857,-1.4941802117558074,38.682416161589806,Buy
UBER,54.32441664517945,-0.0341686479038259,-0.5826933412423415,72.34620038633213,No Signal
UDR,40.37732106998537,-0.7192377410688167,-0.6684717417674396,41.034279269897446,No Signal
ULTA,49.452507840675224,-1.4547421006779473,-1.4753511463049667,357.4294115143693,No Signal
UNP,41.47181305084913,-5.384062055972777,-5.321502286568647,221.45946734569094,No Signal
UAL,46.09576895418059,-4.327257692226112,-5.498413620487383,66.27326498222885,No Signal
UPS,33.43350456321096,-5.256972461895799,-4.915524016723848,99.01077646156433,No Signal
URI,42.483463879427184,-15.055206569295251,-16.48018283842736,594.2790022315912,No Signal
UNH,38.28990224629704,12.39030454331862,16.370770957854415,547.7027473422469,No Signal
UHS,38.306632553387715,-1.2224767728040433,-0.41531337018695147,177.45268172226676,No Signal
VLO,32.32090003176185,-6.014214798040314,-5.119293477667988,112.85313757289758,No Signal
VTR,48.596606722558484,0.17981292960263318,0.14690081757653192,67.01674148228845,No Signal
VLTO,38.54428194785094,-2.378933184839582,-2.2172959016446954,90.82817429654736,No Signal
VRSN,45.74063063525969,2.0033196934165005,2.5972405561676357,246.07214044924024,No Signal
VRSK,48.843074789359854,0.15021836045934833,-0.2150087777055846,291.4515993254374,No Signal
VZ,49.06485579596508,0.29046041908443954,0.27328721456760297,43.577198971175726,No Signal
VRTX,47.78148796477448,-0.14441040185141674,-0.21094317138823993,487.7756669521183,No Signal
VTRS,32.716034938053085,-0.5598558592367713,-0.5622616838381339,7.757969018658288,Buy
VICI,53.16608375194723,0.08457665309318685,-0.03313768228484626,31.523332898976026,No Signal
V,43.325258290099086,-3.0329624158644037,-3.326986788380091,331.5095272928167,No Signal
VST,47.65048227649675,-4.683613170108202,-6.046158875996003,114.19771275748045,No Signal
VMC,58.63260441593714,0.08373674992651559,-1.4611148224851405,239.0315140547915,No Signal
WRB,41.5120468439728,1.2723658453876254,1.333757016695356,67.83268734005942,No Signal
GWW,55.841847895725095,-1.6278459208242566,-7.615097113989793,981.9894756313363,No Signal
WAB,41.48635668206183,-3.7963659031663894,-3.866103528297461,172.32785571910784,No Signal
WBA,39.285738614147355,-0.03899268898687325,-0.01958357600926933,10.86417455098004,No Signal
WMT,62.46524406871781,0.6971467410170362,-0.40787912424442563,90.40708897262067,No Signal
DIS,33.06080106320333,-5.079276198644735,-4.840762537086917,87.16927977366939,No Signal
WBD,35.51282117117546,-0.691747326801817,-0.5757843199944489,8.556437692721513,No Signal
WM,53.04047753153312,0.9201423453705502,0.6593701279601188,228.81198188680605,No Signal
WAT,37.518954319511465,-14.355943607597055,-13.303708676718374,331.00345309249457,No Signal
WEC,52.77409354414765,0.587692756201065,0.4719512937686568,106.94915384749291,No Signal
WFC,38.708457560646174,-2.4858966925487636,-2.45368633885671,65.1101941077169,No Signal
WELL,40.24118707857878,-0.8269228664564992,-0.7907788530658851,145.5483406222342,No Signal
WST,35.68406175569024,-8.25600935935526,-9.19954162419216,209.62780661265202,Buy
WDC,41.130767612235616,-2.4274319552320804,-2.738429763868043,36.182319331521555,No Signal
WY,29.806598382594913,-1.0532464440822729,-0.9218408954729682,26.44092251190235,No Signal
WSM,39.23394749064728,-9.67077728349554,-9.674138583750318,146.2408501359862,Buy
WMB,48.397976644351715,0.014362599001294996,-0.00964756615974231,57.592269617649535,No Signal
WTW,39.638295629685636,-2.0904723063759434,-2.149295560154519,322.73804254554284,Buy
WDAY,39.11526403694509,-6.374467068859872,-6.836608060248204,228.3517040096852,Buy
WYNN,39.68339671382081,-3.1441121729339017,-3.27016655226641,74.8803252309234,Buy
XEL,51.42855775718107,0.19396834558028786,0.1515930633287339,69.48193792181281,No Signal
XYL,35.80867062652774,-3.867602046464924,-4.023730106726962,110.63946129602411,Buy
YUM,33.1437793643035,-2.7141981872644863,-1.467519303908797,146.88943445736,No Signal
ZBRA,31.83712084122017,-20.329624947168867,-20.056679933784228,236.73009074585477,No Signal
ZBH,15.508769703371627,-2.6684391151474642,-1.2492660816865377,102.44207687059858,No Signal
ZTS,35.691632098014296,-4.420901661051261,-3.8121034547140242,151.50575976384144,No Signal
